────────────────────────────────────────────────────────────
[2026-05-24T23:12:06.316Z]
TYPE     : Operational (Expected)
STATUS   : 400
MESSAGE  : Validation error: New password must be different from current password at "newPassword"
METHOD   : PUT
URL      : /api/authentication/change-password
IP       : ::1
USER_ID  : 6a124581c1a983b277159b35
STACK    :
Error: Validation error: New password must be different from current password at "newPassword"
    at new appError (J:\Programming\Node js\manbat_backend\utils\appErrors.ts:9:15)
    at detectError (J:\Programming\Node js\manbat_backend\app\services\detectError.ts:11:16)
    at errorHandling (J:\Programming\Node js\manbat_backend\app\controllers\errorHandling.ts:7:11)
    at Layer.handleError (J:\Programming\Node js\manbat_backend\node_modules\router\lib\layer.js:116:17)
    at trimPrefix (J:\Programming\Node js\manbat_backend\node_modules\router\index.js:340:13)
    at J:\Programming\Node js\manbat_backend\node_modules\router\index.js:297:9
    at processParams (J:\Programming\Node js\manbat_backend\node_modules\router\index.js:582:12)
    at Immediate.next (J:\Programming\Node js\manbat_backend\node_modules\router\index.js:291:5)
    at Immediate._onImmediate (J:\Programming\Node js\manbat_backend\node_modules\router\index.js:688:15)
    at process.processImmediate (node:internal/timers:506:21)
────────────────────────────────────────────────────────────────────────────────────────────────────────────────────────
[2026-05-24T23:12:30.129Z]
TYPE     : Operational (Expected)
STATUS   : 401
MESSAGE  : Authorization header missing
METHOD   : GET
URL      : /api/admin/scan-detection
IP       : ::1
STACK    :
Error: Authorization header missing
    at new appError (J:\Programming\Node js\manbat_backend\utils\appErrors.ts:9:15)
    at Authorization (J:\Programming\Node js\manbat_backend\app\middlewares\authMiddleware.ts:9:25)
    at Layer.handleRequest (J:\Programming\Node js\manbat_backend\node_modules\router\lib\layer.js:152:17)
    at trimPrefix (J:\Programming\Node js\manbat_backend\node_modules\router\index.js:342:13)
    at J:\Programming\Node js\manbat_backend\node_modules\router\index.js:297:9
    at processParams (J:\Programming\Node js\manbat_backend\node_modules\router\index.js:582:12)
    at next (J:\Programming\Node js\manbat_backend\node_modules\router\index.js:291:5)
    at router.handle (J:\Programming\Node js\manbat_backend\node_modules\router\index.js:186:3)
    at router (J:\Programming\Node js\manbat_backend\node_modules\router\index.js:60:12)
    at Layer.handleRequest (J:\Programming\Node js\manbat_backend\node_modules\router\lib\layer.js:152:17)
────────────────────────────────────────────────────────────────────────────────────────────────────────────────────────
[2026-05-24T23:12:30.150Z]
TYPE     : Operational (Expected)
STATUS   : 401
MESSAGE  : Authorization header missing
METHOD   : GET
URL      : /api/admin/config
IP       : ::1
STACK    :
Error: Authorization header missing
    at new appError (J:\Programming\Node js\manbat_backend\utils\appErrors.ts:9:15)
    at Authorization (J:\Programming\Node js\manbat_backend\app\middlewares\authMiddleware.ts:9:25)
    at Layer.handleRequest (J:\Programming\Node js\manbat_backend\node_modules\router\lib\layer.js:152:17)
    at trimPrefix (J:\Programming\Node js\manbat_backend\node_modules\router\index.js:342:13)
    at J:\Programming\Node js\manbat_backend\node_modules\router\index.js:297:9
    at processParams (J:\Programming\Node js\manbat_backend\node_modules\router\index.js:582:12)
    at next (J:\Programming\Node js\manbat_backend\node_modules\router\index.js:291:5)
    at router.handle (J:\Programming\Node js\manbat_backend\node_modules\router\index.js:186:3)
    at router (J:\Programming\Node js\manbat_backend\node_modules\router\index.js:60:12)
    at Layer.handleRequest (J:\Programming\Node js\manbat_backend\node_modules\router\lib\layer.js:152:17)
────────────────────────────────────────────────────────────────────────────────────────────────────────────────────────
[2026-05-24T23:12:30.184Z]
TYPE     : Operational (Expected)
STATUS   : 401
MESSAGE  : Authorization header missing
METHOD   : GET
URL      : /api/admin/stats
IP       : ::1
STACK    :
Error: Authorization header missing
    at new appError (J:\Programming\Node js\manbat_backend\utils\appErrors.ts:9:15)
    at Authorization (J:\Programming\Node js\manbat_backend\app\middlewares\authMiddleware.ts:9:25)
    at Layer.handleRequest (J:\Programming\Node js\manbat_backend\node_modules\router\lib\layer.js:152:17)
    at trimPrefix (J:\Programming\Node js\manbat_backend\node_modules\router\index.js:342:13)
    at J:\Programming\Node js\manbat_backend\node_modules\router\index.js:297:9
    at processParams (J:\Programming\Node js\manbat_backend\node_modules\router\index.js:582:12)
    at next (J:\Programming\Node js\manbat_backend\node_modules\router\index.js:291:5)
    at router.handle (J:\Programming\Node js\manbat_backend\node_modules\router\index.js:186:3)
    at router (J:\Programming\Node js\manbat_backend\node_modules\router\index.js:60:12)
    at Layer.handleRequest (J:\Programming\Node js\manbat_backend\node_modules\router\lib\layer.js:152:17)
────────────────────────────────────────────────────────────────────────────────────────────────────────────────────────
[2026-05-24T23:12:46.791Z]
TYPE     : Operational (Expected)
STATUS   : 401
MESSAGE  : Email or Password Incorrect
METHOD   : POST
URL      : /api/authentication/login
IP       : ::1
STACK    :
Error: Email or Password Incorrect
    at new appError (J:\Programming\Node js\manbat_backend\utils\appErrors.ts:9:15)
    at Module.login (J:\Programming\Node js\manbat_backend\app\services\authentication.ts:70:15)
    at async login (J:\Programming\Node js\manbat_backend\app\controllers\authentication.ts:28:23)
────────────────────────────────────────────────────────────────────────────────────────────────────────────────────────
[2026-05-25T00:13:46.539Z]
TYPE     : Operational (Expected)
STATUS   : 401
MESSAGE  : Authorization header missing
METHOD   : GET
URL      : /api/admin/stats
IP       : ::1
STACK    :
Error: Authorization header missing
    at new appError (J:\Programming\Node js\manbat_backend\utils\appErrors.ts:9:15)
    at Authorization (J:\Programming\Node js\manbat_backend\app\middlewares\authMiddleware.ts:9:25)
    at Layer.handleRequest (J:\Programming\Node js\manbat_backend\node_modules\router\lib\layer.js:152:17)
    at trimPrefix (J:\Programming\Node js\manbat_backend\node_modules\router\index.js:342:13)
    at J:\Programming\Node js\manbat_backend\node_modules\router\index.js:297:9
    at processParams (J:\Programming\Node js\manbat_backend\node_modules\router\index.js:582:12)
    at next (J:\Programming\Node js\manbat_backend\node_modules\router\index.js:291:5)
    at router.handle (J:\Programming\Node js\manbat_backend\node_modules\router\index.js:186:3)
    at router (J:\Programming\Node js\manbat_backend\node_modules\router\index.js:60:12)
    at Layer.handleRequest (J:\Programming\Node js\manbat_backend\node_modules\router\lib\layer.js:152:17)
────────────────────────────────────────────────────────────────────────────────────────────────────────────────────────
[2026-05-25T00:13:46.544Z]
TYPE     : Operational (Expected)
STATUS   : 401
MESSAGE  : Authorization header missing
METHOD   : GET
URL      : /api/admin/analytics
IP       : ::1
STACK    :
Error: Authorization header missing
    at new appError (J:\Programming\Node js\manbat_backend\utils\appErrors.ts:9:15)
    at Authorization (J:\Programming\Node js\manbat_backend\app\middlewares\authMiddleware.ts:9:25)
    at Layer.handleRequest (J:\Programming\Node js\manbat_backend\node_modules\router\lib\layer.js:152:17)
    at trimPrefix (J:\Programming\Node js\manbat_backend\node_modules\router\index.js:342:13)
    at J:\Programming\Node js\manbat_backend\node_modules\router\index.js:297:9
    at processParams (J:\Programming\Node js\manbat_backend\node_modules\router\index.js:582:12)
    at next (J:\Programming\Node js\manbat_backend\node_modules\router\index.js:291:5)
    at router.handle (J:\Programming\Node js\manbat_backend\node_modules\router\index.js:186:3)
    at router (J:\Programming\Node js\manbat_backend\node_modules\router\index.js:60:12)
    at Layer.handleRequest (J:\Programming\Node js\manbat_backend\node_modules\router\lib\layer.js:152:17)
────────────────────────────────────────────────────────────────────────────────────────────────────────────────────────
[2026-05-25T00:13:53.227Z]
TYPE     : Operational (Expected)
STATUS   : 401
MESSAGE  : Authorization header missing
METHOD   : GET
URL      : /api/admin/stats
IP       : ::1
STACK    :
Error: Authorization header missing
    at new appError (J:\Programming\Node js\manbat_backend\utils\appErrors.ts:9:15)
    at Authorization (J:\Programming\Node js\manbat_backend\app\middlewares\authMiddleware.ts:9:25)
    at Layer.handleRequest (J:\Programming\Node js\manbat_backend\node_modules\router\lib\layer.js:152:17)
    at trimPrefix (J:\Programming\Node js\manbat_backend\node_modules\router\index.js:342:13)
    at J:\Programming\Node js\manbat_backend\node_modules\router\index.js:297:9
    at processParams (J:\Programming\Node js\manbat_backend\node_modules\router\index.js:582:12)
    at next (J:\Programming\Node js\manbat_backend\node_modules\router\index.js:291:5)
    at router.handle (J:\Programming\Node js\manbat_backend\node_modules\router\index.js:186:3)
    at router (J:\Programming\Node js\manbat_backend\node_modules\router\index.js:60:12)
    at Layer.handleRequest (J:\Programming\Node js\manbat_backend\node_modules\router\lib\layer.js:152:17)
────────────────────────────────────────────────────────────────────────────────────────────────────────────────────────
[2026-05-25T00:13:53.230Z]
TYPE     : Operational (Expected)
STATUS   : 401
MESSAGE  : Authorization header missing
METHOD   : GET
URL      : /api/admin/analytics
IP       : ::1
STACK    :
Error: Authorization header missing
    at new appError (J:\Programming\Node js\manbat_backend\utils\appErrors.ts:9:15)
    at Authorization (J:\Programming\Node js\manbat_backend\app\middlewares\authMiddleware.ts:9:25)
    at Layer.handleRequest (J:\Programming\Node js\manbat_backend\node_modules\router\lib\layer.js:152:17)
    at trimPrefix (J:\Programming\Node js\manbat_backend\node_modules\router\index.js:342:13)
    at J:\Programming\Node js\manbat_backend\node_modules\router\index.js:297:9
    at processParams (J:\Programming\Node js\manbat_backend\node_modules\router\index.js:582:12)
    at next (J:\Programming\Node js\manbat_backend\node_modules\router\index.js:291:5)
    at router.handle (J:\Programming\Node js\manbat_backend\node_modules\router\index.js:186:3)
    at router (J:\Programming\Node js\manbat_backend\node_modules\router\index.js:60:12)
    at Layer.handleRequest (J:\Programming\Node js\manbat_backend\node_modules\router\lib\layer.js:152:17)
────────────────────────────────────────────────────────────────────────────────────────────────────────────────────────
[2026-05-25T00:14:33.664Z]
TYPE     : Operational (Expected)
STATUS   : 401
MESSAGE  : Authorization header missing
METHOD   : GET
URL      : /api/admin/stats
IP       : ::1
STACK    :
Error: Authorization header missing
    at new appError (J:\Programming\Node js\manbat_backend\utils\appErrors.ts:9:15)
    at Authorization (J:\Programming\Node js\manbat_backend\app\middlewares\authMiddleware.ts:9:25)
    at Layer.handleRequest (J:\Programming\Node js\manbat_backend\node_modules\router\lib\layer.js:152:17)
    at trimPrefix (J:\Programming\Node js\manbat_backend\node_modules\router\index.js:342:13)
    at J:\Programming\Node js\manbat_backend\node_modules\router\index.js:297:9
    at processParams (J:\Programming\Node js\manbat_backend\node_modules\router\index.js:582:12)
    at next (J:\Programming\Node js\manbat_backend\node_modules\router\index.js:291:5)
    at router.handle (J:\Programming\Node js\manbat_backend\node_modules\router\index.js:186:3)
    at router (J:\Programming\Node js\manbat_backend\node_modules\router\index.js:60:12)
    at Layer.handleRequest (J:\Programming\Node js\manbat_backend\node_modules\router\lib\layer.js:152:17)
────────────────────────────────────────────────────────────────────────────────────────────────────────────────────────
[2026-05-25T00:14:33.669Z]
TYPE     : Operational (Expected)
STATUS   : 401
MESSAGE  : Authorization header missing
METHOD   : GET
URL      : /api/admin/analytics
IP       : ::1
STACK    :
Error: Authorization header missing
    at new appError (J:\Programming\Node js\manbat_backend\utils\appErrors.ts:9:15)
    at Authorization (J:\Programming\Node js\manbat_backend\app\middlewares\authMiddleware.ts:9:25)
    at Layer.handleRequest (J:\Programming\Node js\manbat_backend\node_modules\router\lib\layer.js:152:17)
    at trimPrefix (J:\Programming\Node js\manbat_backend\node_modules\router\index.js:342:13)
    at J:\Programming\Node js\manbat_backend\node_modules\router\index.js:297:9
    at processParams (J:\Programming\Node js\manbat_backend\node_modules\router\index.js:582:12)
    at next (J:\Programming\Node js\manbat_backend\node_modules\router\index.js:291:5)
    at router.handle (J:\Programming\Node js\manbat_backend\node_modules\router\index.js:186:3)
    at router (J:\Programming\Node js\manbat_backend\node_modules\router\index.js:60:12)
    at Layer.handleRequest (J:\Programming\Node js\manbat_backend\node_modules\router\lib\layer.js:152:17)
────────────────────────────────────────────────────────────────────────────────────────────────────────────────────────
[2026-05-25T00:14:36.677Z]
TYPE     : Operational (Expected)
STATUS   : 401
MESSAGE  : Authorization header missing
METHOD   : GET
URL      : /api/admin/stats
IP       : ::1
STACK    :
Error: Authorization header missing
    at new appError (J:\Programming\Node js\manbat_backend\utils\appErrors.ts:9:15)
    at Authorization (J:\Programming\Node js\manbat_backend\app\middlewares\authMiddleware.ts:9:25)
    at Layer.handleRequest (J:\Programming\Node js\manbat_backend\node_modules\router\lib\layer.js:152:17)
    at trimPrefix (J:\Programming\Node js\manbat_backend\node_modules\router\index.js:342:13)
    at J:\Programming\Node js\manbat_backend\node_modules\router\index.js:297:9
    at processParams (J:\Programming\Node js\manbat_backend\node_modules\router\index.js:582:12)
    at next (J:\Programming\Node js\manbat_backend\node_modules\router\index.js:291:5)
    at router.handle (J:\Programming\Node js\manbat_backend\node_modules\router\index.js:186:3)
    at router (J:\Programming\Node js\manbat_backend\node_modules\router\index.js:60:12)
    at Layer.handleRequest (J:\Programming\Node js\manbat_backend\node_modules\router\lib\layer.js:152:17)
────────────────────────────────────────────────────────────────────────────────────────────────────────────────────────
[2026-05-25T00:14:36.683Z]
TYPE     : Operational (Expected)
STATUS   : 401
MESSAGE  : Authorization header missing
METHOD   : GET
URL      : /api/admin/analytics
IP       : ::1
STACK    :
Error: Authorization header missing
    at new appError (J:\Programming\Node js\manbat_backend\utils\appErrors.ts:9:15)
    at Authorization (J:\Programming\Node js\manbat_backend\app\middlewares\authMiddleware.ts:9:25)
    at Layer.handleRequest (J:\Programming\Node js\manbat_backend\node_modules\router\lib\layer.js:152:17)
    at trimPrefix (J:\Programming\Node js\manbat_backend\node_modules\router\index.js:342:13)
    at J:\Programming\Node js\manbat_backend\node_modules\router\index.js:297:9
    at processParams (J:\Programming\Node js\manbat_backend\node_modules\router\index.js:582:12)
    at next (J:\Programming\Node js\manbat_backend\node_modules\router\index.js:291:5)
    at router.handle (J:\Programming\Node js\manbat_backend\node_modules\router\index.js:186:3)
    at router (J:\Programming\Node js\manbat_backend\node_modules\router\index.js:60:12)
    at Layer.handleRequest (J:\Programming\Node js\manbat_backend\node_modules\router\lib\layer.js:152:17)
────────────────────────────────────────────────────────────────────────────────────────────────────────────────────────
[2026-05-25T00:15:48.268Z]
TYPE     : Operational (Expected)
STATUS   : 401
MESSAGE  : Authorization header missing
METHOD   : GET
URL      : /api/admin/stats
IP       : ::1
STACK    :
Error: Authorization header missing
    at new appError (J:\Programming\Node js\manbat_backend\utils\appErrors.ts:9:15)
    at Authorization (J:\Programming\Node js\manbat_backend\app\middlewares\authMiddleware.ts:9:25)
    at Layer.handleRequest (J:\Programming\Node js\manbat_backend\node_modules\router\lib\layer.js:152:17)
    at trimPrefix (J:\Programming\Node js\manbat_backend\node_modules\router\index.js:342:13)
    at J:\Programming\Node js\manbat_backend\node_modules\router\index.js:297:9
    at processParams (J:\Programming\Node js\manbat_backend\node_modules\router\index.js:582:12)
    at next (J:\Programming\Node js\manbat_backend\node_modules\router\index.js:291:5)
    at router.handle (J:\Programming\Node js\manbat_backend\node_modules\router\index.js:186:3)
    at router (J:\Programming\Node js\manbat_backend\node_modules\router\index.js:60:12)
    at Layer.handleRequest (J:\Programming\Node js\manbat_backend\node_modules\router\lib\layer.js:152:17)
────────────────────────────────────────────────────────────────────────────────────────────────────────────────────────
[2026-05-25T00:15:48.273Z]
TYPE     : Operational (Expected)
STATUS   : 401
MESSAGE  : Authorization header missing
METHOD   : GET
URL      : /api/admin/analytics
IP       : ::1
STACK    :
Error: Authorization header missing
    at new appError (J:\Programming\Node js\manbat_backend\utils\appErrors.ts:9:15)
    at Authorization (J:\Programming\Node js\manbat_backend\app\middlewares\authMiddleware.ts:9:25)
    at Layer.handleRequest (J:\Programming\Node js\manbat_backend\node_modules\router\lib\layer.js:152:17)
    at trimPrefix (J:\Programming\Node js\manbat_backend\node_modules\router\index.js:342:13)
    at J:\Programming\Node js\manbat_backend\node_modules\router\index.js:297:9
    at processParams (J:\Programming\Node js\manbat_backend\node_modules\router\index.js:582:12)
    at next (J:\Programming\Node js\manbat_backend\node_modules\router\index.js:291:5)
    at router.handle (J:\Programming\Node js\manbat_backend\node_modules\router\index.js:186:3)
    at router (J:\Programming\Node js\manbat_backend\node_modules\router\index.js:60:12)
    at Layer.handleRequest (J:\Programming\Node js\manbat_backend\node_modules\router\lib\layer.js:152:17)
────────────────────────────────────────────────────────────────────────────────────────────────────────────────────────
[2026-05-25T00:16:40.752Z]
TYPE     : Operational (Expected)
STATUS   : 401
MESSAGE  : Authorization header missing
METHOD   : GET
URL      : /api/admin/stats
IP       : ::1
STACK    :
Error: Authorization header missing
    at new appError (J:\Programming\Node js\manbat_backend\utils\appErrors.ts:9:15)
    at Authorization (J:\Programming\Node js\manbat_backend\app\middlewares\authMiddleware.ts:9:25)
    at Layer.handleRequest (J:\Programming\Node js\manbat_backend\node_modules\router\lib\layer.js:152:17)
    at trimPrefix (J:\Programming\Node js\manbat_backend\node_modules\router\index.js:342:13)
    at J:\Programming\Node js\manbat_backend\node_modules\router\index.js:297:9
    at processParams (J:\Programming\Node js\manbat_backend\node_modules\router\index.js:582:12)
    at next (J:\Programming\Node js\manbat_backend\node_modules\router\index.js:291:5)
    at router.handle (J:\Programming\Node js\manbat_backend\node_modules\router\index.js:186:3)
    at router (J:\Programming\Node js\manbat_backend\node_modules\router\index.js:60:12)
    at Layer.handleRequest (J:\Programming\Node js\manbat_backend\node_modules\router\lib\layer.js:152:17)
────────────────────────────────────────────────────────────────────────────────────────────────────────────────────────
[2026-05-25T00:16:40.760Z]
TYPE     : Operational (Expected)
STATUS   : 401
MESSAGE  : Authorization header missing
METHOD   : GET
URL      : /api/admin/analytics
IP       : ::1
STACK    :
Error: Authorization header missing
    at new appError (J:\Programming\Node js\manbat_backend\utils\appErrors.ts:9:15)
    at Authorization (J:\Programming\Node js\manbat_backend\app\middlewares\authMiddleware.ts:9:25)
    at Layer.handleRequest (J:\Programming\Node js\manbat_backend\node_modules\router\lib\layer.js:152:17)
    at trimPrefix (J:\Programming\Node js\manbat_backend\node_modules\router\index.js:342:13)
    at J:\Programming\Node js\manbat_backend\node_modules\router\index.js:297:9
    at processParams (J:\Programming\Node js\manbat_backend\node_modules\router\index.js:582:12)
    at next (J:\Programming\Node js\manbat_backend\node_modules\router\index.js:291:5)
    at router.handle (J:\Programming\Node js\manbat_backend\node_modules\router\index.js:186:3)
    at router (J:\Programming\Node js\manbat_backend\node_modules\router\index.js:60:12)
    at Layer.handleRequest (J:\Programming\Node js\manbat_backend\node_modules\router\lib\layer.js:152:17)
────────────────────────────────────────────────────────────────────────────────────────────────────────────────────────
[2026-05-25T01:07:05.448Z]
TYPE     : Operational (Expected)
STATUS   : 401
MESSAGE  : Authorization header missing
METHOD   : GET
URL      : /api/admin/stats
IP       : ::1
STACK    :
Error: Authorization header missing
    at new appError (J:\Programming\Node js\manbat_backend\utils\appErrors.ts:9:15)
    at Authorization (J:\Programming\Node js\manbat_backend\app\middlewares\authMiddleware.ts:9:25)
    at Layer.handleRequest (J:\Programming\Node js\manbat_backend\node_modules\router\lib\layer.js:152:17)
    at trimPrefix (J:\Programming\Node js\manbat_backend\node_modules\router\index.js:342:13)
    at J:\Programming\Node js\manbat_backend\node_modules\router\index.js:297:9
    at processParams (J:\Programming\Node js\manbat_backend\node_modules\router\index.js:582:12)
    at next (J:\Programming\Node js\manbat_backend\node_modules\router\index.js:291:5)
    at router.handle (J:\Programming\Node js\manbat_backend\node_modules\router\index.js:186:3)
    at router (J:\Programming\Node js\manbat_backend\node_modules\router\index.js:60:12)
    at Layer.handleRequest (J:\Programming\Node js\manbat_backend\node_modules\router\lib\layer.js:152:17)
────────────────────────────────────────────────────────────────────────────────────────────────────────────────────────
[2026-05-25T01:07:05.479Z]
TYPE     : Operational (Expected)
STATUS   : 401
MESSAGE  : Authorization header missing
METHOD   : GET
URL      : /api/admin/analytics
IP       : ::1
STACK    :
Error: Authorization header missing
    at new appError (J:\Programming\Node js\manbat_backend\utils\appErrors.ts:9:15)
    at Authorization (J:\Programming\Node js\manbat_backend\app\middlewares\authMiddleware.ts:9:25)
    at Layer.handleRequest (J:\Programming\Node js\manbat_backend\node_modules\router\lib\layer.js:152:17)
    at trimPrefix (J:\Programming\Node js\manbat_backend\node_modules\router\index.js:342:13)
    at J:\Programming\Node js\manbat_backend\node_modules\router\index.js:297:9
    at processParams (J:\Programming\Node js\manbat_backend\node_modules\router\index.js:582:12)
    at next (J:\Programming\Node js\manbat_backend\node_modules\router\index.js:291:5)
    at router.handle (J:\Programming\Node js\manbat_backend\node_modules\router\index.js:186:3)
    at router (J:\Programming\Node js\manbat_backend\node_modules\router\index.js:60:12)
    at Layer.handleRequest (J:\Programming\Node js\manbat_backend\node_modules\router\lib\layer.js:152:17)
────────────────────────────────────────────────────────────────────────────────────────────────────────────────────────
[2026-05-25T04:31:12.972Z]
TYPE     : Operational (Expected)
STATUS   : 401
MESSAGE  : invalid token, please log in again
METHOD   : GET
URL      : /api/authentication/user
IP       : ::1
STACK    :
Error: invalid token, please log in again
    at new appError (J:\Programming\Node js\manbat_backend\utils\appErrors.ts:9:15)
    at detectError (J:\Programming\Node js\manbat_backend\app\services\detectError.ts:14:16)
    at errorHandling (J:\Programming\Node js\manbat_backend\app\controllers\errorHandling.ts:7:11)
    at Layer.handleError (J:\Programming\Node js\manbat_backend\node_modules\router\lib\layer.js:116:17)
    at trimPrefix (J:\Programming\Node js\manbat_backend\node_modules\router\index.js:340:13)
    at J:\Programming\Node js\manbat_backend\node_modules\router\index.js:297:9
    at processParams (J:\Programming\Node js\manbat_backend\node_modules\router\index.js:582:12)
    at next (J:\Programming\Node js\manbat_backend\node_modules\router\index.js:291:5)
    at J:\Programming\Node js\manbat_backend\node_modules\router\index.js:688:15
    at next (J:\Programming\Node js\manbat_backend\node_modules\router\index.js:276:14)
────────────────────────────────────────────────────────────────────────────────────────────────────────────────────────
[2026-05-25T04:31:13.092Z]
TYPE     : Operational (Expected)
STATUS   : 401
MESSAGE  : Authorization header missing
METHOD   : GET
URL      : /api/admin/analytics
IP       : ::1
STACK    :
Error: Authorization header missing
    at new appError (J:\Programming\Node js\manbat_backend\utils\appErrors.ts:9:15)
    at Authorization (J:\Programming\Node js\manbat_backend\app\middlewares\authMiddleware.ts:9:25)
    at Layer.handleRequest (J:\Programming\Node js\manbat_backend\node_modules\router\lib\layer.js:152:17)
    at trimPrefix (J:\Programming\Node js\manbat_backend\node_modules\router\index.js:342:13)
    at J:\Programming\Node js\manbat_backend\node_modules\router\index.js:297:9
    at processParams (J:\Programming\Node js\manbat_backend\node_modules\router\index.js:582:12)
    at next (J:\Programming\Node js\manbat_backend\node_modules\router\index.js:291:5)
    at router.handle (J:\Programming\Node js\manbat_backend\node_modules\router\index.js:186:3)
    at router (J:\Programming\Node js\manbat_backend\node_modules\router\index.js:60:12)
    at Layer.handleRequest (J:\Programming\Node js\manbat_backend\node_modules\router\lib\layer.js:152:17)
────────────────────────────────────────────────────────────────────────────────────────────────────────────────────────
[2026-05-25T04:31:13.130Z]
TYPE     : Operational (Expected)
STATUS   : 401
MESSAGE  : Authorization header missing
METHOD   : GET
URL      : /api/admin/stats
IP       : ::1
STACK    :
Error: Authorization header missing
    at new appError (J:\Programming\Node js\manbat_backend\utils\appErrors.ts:9:15)
    at Authorization (J:\Programming\Node js\manbat_backend\app\middlewares\authMiddleware.ts:9:25)
    at Layer.handleRequest (J:\Programming\Node js\manbat_backend\node_modules\router\lib\layer.js:152:17)
    at trimPrefix (J:\Programming\Node js\manbat_backend\node_modules\router\index.js:342:13)
    at J:\Programming\Node js\manbat_backend\node_modules\router\index.js:297:9
    at processParams (J:\Programming\Node js\manbat_backend\node_modules\router\index.js:582:12)
    at next (J:\Programming\Node js\manbat_backend\node_modules\router\index.js:291:5)
    at router.handle (J:\Programming\Node js\manbat_backend\node_modules\router\index.js:186:3)
    at router (J:\Programming\Node js\manbat_backend\node_modules\router\index.js:60:12)
    at Layer.handleRequest (J:\Programming\Node js\manbat_backend\node_modules\router\lib\layer.js:152:17)
────────────────────────────────────────────────────────────────────────────────────────────────────────────────────────
[2026-05-25T04:31:36.744Z]
TYPE     : Operational (Expected)
STATUS   : 401
MESSAGE  : Email or Password Incorrect
METHOD   : POST
URL      : /api/authentication/login
IP       : ::1
STACK    :
Error: Email or Password Incorrect
    at new appError (J:\Programming\Node js\manbat_backend\utils\appErrors.ts:9:15)
    at Module.login (J:\Programming\Node js\manbat_backend\app\services\authentication.ts:70:15)
    at async login (J:\Programming\Node js\manbat_backend\app\controllers\authentication.ts:28:23)
────────────────────────────────────────────────────────────────────────────────────────────────────────────────────────
[2026-05-25T04:32:03.684Z]
TYPE     : 💥 UNEXPECTED (Bug)
STATUS   : 500
MESSAGE  : Cannot set property query of #<IncomingMessage> which has only a getter
METHOD   : GET
URL      : /api/admin/revenue
IP       : ::1
USER_ID  : 6a124581c1a983b277159b35
STACK    :
TypeError: Cannot set property query of #<IncomingMessage> which has only a getter
    at <anonymous> (J:\Programming\Node js\manbat_backend\app\middlewares\validationRequestMiddleware.ts:41:39)
    at Layer.handleRequest (J:\Programming\Node js\manbat_backend\node_modules\router\lib\layer.js:152:17)
    at next (J:\Programming\Node js\manbat_backend\node_modules\router\lib\route.js:157:13)
    at Route.dispatch (J:\Programming\Node js\manbat_backend\node_modules\router\lib\route.js:117:3)
    at handle (J:\Programming\Node js\manbat_backend\node_modules\router\index.js:435:11)
    at Layer.handleRequest (J:\Programming\Node js\manbat_backend\node_modules\router\lib\layer.js:152:17)
    at J:\Programming\Node js\manbat_backend\node_modules\router\index.js:295:15
    at processParams (J:\Programming\Node js\manbat_backend\node_modules\router\index.js:582:12)
    at next (J:\Programming\Node js\manbat_backend\node_modules\router\index.js:291:5)
    at AdminAuthorization (J:\Programming\Node js\manbat_backend\app\middlewares\adminMiddleware.ts:9:13)
────────────────────────────────────────────────────────────────────────────────────────────────────────────────────────
[2026-05-25T04:32:04.742Z]
TYPE     : 💥 UNEXPECTED (Bug)
STATUS   : 500
MESSAGE  : Cannot set property query of #<IncomingMessage> which has only a getter
METHOD   : GET
URL      : /api/admin/revenue
IP       : ::1
USER_ID  : 6a124581c1a983b277159b35
STACK    :
TypeError: Cannot set property query of #<IncomingMessage> which has only a getter
    at <anonymous> (J:\Programming\Node js\manbat_backend\app\middlewares\validationRequestMiddleware.ts:41:39)
    at Layer.handleRequest (J:\Programming\Node js\manbat_backend\node_modules\router\lib\layer.js:152:17)
    at next (J:\Programming\Node js\manbat_backend\node_modules\router\lib\route.js:157:13)
    at Route.dispatch (J:\Programming\Node js\manbat_backend\node_modules\router\lib\route.js:117:3)
    at handle (J:\Programming\Node js\manbat_backend\node_modules\router\index.js:435:11)
    at Layer.handleRequest (J:\Programming\Node js\manbat_backend\node_modules\router\lib\layer.js:152:17)
    at J:\Programming\Node js\manbat_backend\node_modules\router\index.js:295:15
    at processParams (J:\Programming\Node js\manbat_backend\node_modules\router\index.js:582:12)
    at next (J:\Programming\Node js\manbat_backend\node_modules\router\index.js:291:5)
    at AdminAuthorization (J:\Programming\Node js\manbat_backend\app\middlewares\adminMiddleware.ts:9:13)
────────────────────────────────────────────────────────────────────────────────────────────────────────────────────────
[2026-05-25T04:32:06.750Z]
TYPE     : 💥 UNEXPECTED (Bug)
STATUS   : 500
MESSAGE  : Cannot set property query of #<IncomingMessage> which has only a getter
METHOD   : GET
URL      : /api/admin/revenue
IP       : ::1
USER_ID  : 6a124581c1a983b277159b35
STACK    :
TypeError: Cannot set property query of #<IncomingMessage> which has only a getter
    at <anonymous> (J:\Programming\Node js\manbat_backend\app\middlewares\validationRequestMiddleware.ts:41:39)
    at Layer.handleRequest (J:\Programming\Node js\manbat_backend\node_modules\router\lib\layer.js:152:17)
    at next (J:\Programming\Node js\manbat_backend\node_modules\router\lib\route.js:157:13)
    at Route.dispatch (J:\Programming\Node js\manbat_backend\node_modules\router\lib\route.js:117:3)
    at handle (J:\Programming\Node js\manbat_backend\node_modules\router\index.js:435:11)
    at Layer.handleRequest (J:\Programming\Node js\manbat_backend\node_modules\router\lib\layer.js:152:17)
    at J:\Programming\Node js\manbat_backend\node_modules\router\index.js:295:15
    at processParams (J:\Programming\Node js\manbat_backend\node_modules\router\index.js:582:12)
    at next (J:\Programming\Node js\manbat_backend\node_modules\router\index.js:291:5)
    at AdminAuthorization (J:\Programming\Node js\manbat_backend\app\middlewares\adminMiddleware.ts:9:13)
────────────────────────────────────────────────────────────────────────────────────────────────────────────────────────
[2026-05-25T04:32:10.760Z]
TYPE     : 💥 UNEXPECTED (Bug)
STATUS   : 500
MESSAGE  : Cannot set property query of #<IncomingMessage> which has only a getter
METHOD   : GET
URL      : /api/admin/revenue
IP       : ::1
USER_ID  : 6a124581c1a983b277159b35
STACK    :
TypeError: Cannot set property query of #<IncomingMessage> which has only a getter
    at <anonymous> (J:\Programming\Node js\manbat_backend\app\middlewares\validationRequestMiddleware.ts:41:39)
    at Layer.handleRequest (J:\Programming\Node js\manbat_backend\node_modules\router\lib\layer.js:152:17)
    at next (J:\Programming\Node js\manbat_backend\node_modules\router\lib\route.js:157:13)
    at Route.dispatch (J:\Programming\Node js\manbat_backend\node_modules\router\lib\route.js:117:3)
    at handle (J:\Programming\Node js\manbat_backend\node_modules\router\index.js:435:11)
    at Layer.handleRequest (J:\Programming\Node js\manbat_backend\node_modules\router\lib\layer.js:152:17)
    at J:\Programming\Node js\manbat_backend\node_modules\router\index.js:295:15
    at processParams (J:\Programming\Node js\manbat_backend\node_modules\router\index.js:582:12)
    at next (J:\Programming\Node js\manbat_backend\node_modules\router\index.js:291:5)
    at AdminAuthorization (J:\Programming\Node js\manbat_backend\app\middlewares\adminMiddleware.ts:9:13)
────────────────────────────────────────────────────────────────────────────────────────────────────────────────────────
[2026-05-25T04:44:00.127Z]
TYPE     : Operational (Expected)
STATUS   : 500
MESSAGE  : Failed to analyze image or save to database
METHOD   : POST
URL      : /api/scans
IP       : ::1
USER_ID  : 6a124581c1a983b277159b35
STACK    :
Error: Failed to analyze image or save to database
    at new appError (J:\Programming\Node js\manbat_backend\utils\appErrors.ts:9:15)
    at analyzePlantImage (J:\Programming\Node js\manbat_backend\app\services\scan.ts:241:15)
    at process.processTicksAndRejections (node:internal/process/task_queues:103:5)
    at async analyzePlantImageController (J:\Programming\Node js\manbat_backend\app\controllers\scan.ts:11:28)
────────────────────────────────────────────────────────────────────────────────────────────────────────────────────────
[2026-05-25T05:00:28.380Z]
TYPE     : Operational (Expected)
STATUS   : 401
MESSAGE  : Authorization header missing
METHOD   : GET
URL      : /api/admin/stats
IP       : ::1
STACK    :
Error: Authorization header missing
    at new appError (J:\Programming\Node js\manbat_backend\utils\appErrors.ts:9:15)
    at Authorization (J:\Programming\Node js\manbat_backend\app\middlewares\authMiddleware.ts:9:25)
    at Layer.handleRequest (J:\Programming\Node js\manbat_backend\node_modules\router\lib\layer.js:152:17)
    at trimPrefix (J:\Programming\Node js\manbat_backend\node_modules\router\index.js:342:13)
    at J:\Programming\Node js\manbat_backend\node_modules\router\index.js:297:9
    at processParams (J:\Programming\Node js\manbat_backend\node_modules\router\index.js:582:12)
    at next (J:\Programming\Node js\manbat_backend\node_modules\router\index.js:291:5)
    at router.handle (J:\Programming\Node js\manbat_backend\node_modules\router\index.js:186:3)
    at router (J:\Programming\Node js\manbat_backend\node_modules\router\index.js:60:12)
    at Layer.handleRequest (J:\Programming\Node js\manbat_backend\node_modules\router\lib\layer.js:152:17)
────────────────────────────────────────────────────────────────────────────────────────────────────────────────────────
[2026-05-25T05:00:28.406Z]
TYPE     : Operational (Expected)
STATUS   : 401
MESSAGE  : Authorization header missing
METHOD   : GET
URL      : /api/authentication/user
IP       : ::1
STACK    :
Error: Authorization header missing
    at new appError (J:\Programming\Node js\manbat_backend\utils\appErrors.ts:9:15)
    at Authorization (J:\Programming\Node js\manbat_backend\app\middlewares\authMiddleware.ts:9:25)
    at Layer.handleRequest (J:\Programming\Node js\manbat_backend\node_modules\router\lib\layer.js:152:17)
    at next (J:\Programming\Node js\manbat_backend\node_modules\router\lib\route.js:157:13)
    at Route.dispatch (J:\Programming\Node js\manbat_backend\node_modules\router\lib\route.js:117:3)
    at handle (J:\Programming\Node js\manbat_backend\node_modules\router\index.js:435:11)
    at Layer.handleRequest (J:\Programming\Node js\manbat_backend\node_modules\router\lib\layer.js:152:17)
    at J:\Programming\Node js\manbat_backend\node_modules\router\index.js:295:15
    at processParams (J:\Programming\Node js\manbat_backend\node_modules\router\index.js:582:12)
    at next (J:\Programming\Node js\manbat_backend\node_modules\router\index.js:291:5)
────────────────────────────────────────────────────────────────────────────────────────────────────────────────────────
[2026-05-25T05:00:48.521Z]
TYPE     : Operational (Expected)
STATUS   : 401
MESSAGE  : Email or Password Incorrect
METHOD   : POST
URL      : /api/authentication/login
IP       : ::1
STACK    :
Error: Email or Password Incorrect
    at new appError (J:\Programming\Node js\manbat_backend\utils\appErrors.ts:9:15)
    at Module.login (J:\Programming\Node js\manbat_backend\app\services\authentication.ts:70:15)
    at process.processTicksAndRejections (node:internal/process/task_queues:103:5)
    at async login (J:\Programming\Node js\manbat_backend\app\controllers\authentication.ts:28:23)
────────────────────────────────────────────────────────────────────────────────────────────────────────────────────────
[2026-05-25T05:00:48.630Z]
TYPE     : Operational (Expected)
STATUS   : 401
MESSAGE  : Email or Password Incorrect
METHOD   : POST
URL      : /api/authentication/login
IP       : ::1
STACK    :
Error: Email or Password Incorrect
    at new appError (J:\Programming\Node js\manbat_backend\utils\appErrors.ts:9:15)
    at Module.login (J:\Programming\Node js\manbat_backend\app\services\authentication.ts:70:15)
    at async login (J:\Programming\Node js\manbat_backend\app\controllers\authentication.ts:28:23)
────────────────────────────────────────────────────────────────────────────────────────────────────────────────────────
[2026-05-25T05:18:05.709Z]
TYPE     : 💥 UNEXPECTED (Bug)
STATUS   : 500
MESSAGE  : Cannot set property query of #<IncomingMessage> which has only a getter
METHOD   : GET
URL      : /api/admin/revenue
IP       : ::1
USER_ID  : 6a124581c1a983b277159b35
STACK    :
TypeError: Cannot set property query of #<IncomingMessage> which has only a getter
    at <anonymous> (J:\Programming\Node js\manbat_backend\app\middlewares\validationRequestMiddleware.ts:41:39)
    at Layer.handleRequest (J:\Programming\Node js\manbat_backend\node_modules\router\lib\layer.js:152:17)
    at next (J:\Programming\Node js\manbat_backend\node_modules\router\lib\route.js:157:13)
    at Route.dispatch (J:\Programming\Node js\manbat_backend\node_modules\router\lib\route.js:117:3)
    at handle (J:\Programming\Node js\manbat_backend\node_modules\router\index.js:435:11)
    at Layer.handleRequest (J:\Programming\Node js\manbat_backend\node_modules\router\lib\layer.js:152:17)
    at J:\Programming\Node js\manbat_backend\node_modules\router\index.js:295:15
    at processParams (J:\Programming\Node js\manbat_backend\node_modules\router\index.js:582:12)
    at next (J:\Programming\Node js\manbat_backend\node_modules\router\index.js:291:5)
    at AdminAuthorization (J:\Programming\Node js\manbat_backend\app\middlewares\adminMiddleware.ts:9:13)
────────────────────────────────────────────────────────────────────────────────────────────────────────────────────────
[2026-05-25T05:18:06.165Z]
TYPE     : 💥 UNEXPECTED (Bug)
STATUS   : 500
MESSAGE  : Cannot set property query of #<IncomingMessage> which has only a getter
METHOD   : GET
URL      : /api/admin/revenue
IP       : ::1
USER_ID  : 6a124581c1a983b277159b35
STACK    :
TypeError: Cannot set property query of #<IncomingMessage> which has only a getter
    at <anonymous> (J:\Programming\Node js\manbat_backend\app\middlewares\validationRequestMiddleware.ts:41:39)
    at Layer.handleRequest (J:\Programming\Node js\manbat_backend\node_modules\router\lib\layer.js:152:17)
    at next (J:\Programming\Node js\manbat_backend\node_modules\router\lib\route.js:157:13)
    at Route.dispatch (J:\Programming\Node js\manbat_backend\node_modules\router\lib\route.js:117:3)
    at handle (J:\Programming\Node js\manbat_backend\node_modules\router\index.js:435:11)
    at Layer.handleRequest (J:\Programming\Node js\manbat_backend\node_modules\router\lib\layer.js:152:17)
    at J:\Programming\Node js\manbat_backend\node_modules\router\index.js:295:15
    at processParams (J:\Programming\Node js\manbat_backend\node_modules\router\index.js:582:12)
    at next (J:\Programming\Node js\manbat_backend\node_modules\router\index.js:291:5)
    at AdminAuthorization (J:\Programming\Node js\manbat_backend\app\middlewares\adminMiddleware.ts:9:13)
────────────────────────────────────────────────────────────────────────────────────────────────────────────────────────
[2026-05-25T05:18:11.482Z]
TYPE     : 💥 UNEXPECTED (Bug)
STATUS   : 500
MESSAGE  : Cannot set property query of #<IncomingMessage> which has only a getter
METHOD   : GET
URL      : /api/admin/revenue
IP       : ::1
USER_ID  : 6a124581c1a983b277159b35
STACK    :
TypeError: Cannot set property query of #<IncomingMessage> which has only a getter
    at <anonymous> (J:\Programming\Node js\manbat_backend\app\middlewares\validationRequestMiddleware.ts:41:39)
    at Layer.handleRequest (J:\Programming\Node js\manbat_backend\node_modules\router\lib\layer.js:152:17)
    at next (J:\Programming\Node js\manbat_backend\node_modules\router\lib\route.js:157:13)
    at Route.dispatch (J:\Programming\Node js\manbat_backend\node_modules\router\lib\route.js:117:3)
    at handle (J:\Programming\Node js\manbat_backend\node_modules\router\index.js:435:11)
    at Layer.handleRequest (J:\Programming\Node js\manbat_backend\node_modules\router\lib\layer.js:152:17)
    at J:\Programming\Node js\manbat_backend\node_modules\router\index.js:295:15
    at processParams (J:\Programming\Node js\manbat_backend\node_modules\router\index.js:582:12)
    at next (J:\Programming\Node js\manbat_backend\node_modules\router\index.js:291:5)
    at AdminAuthorization (J:\Programming\Node js\manbat_backend\app\middlewares\adminMiddleware.ts:9:13)
────────────────────────────────────────────────────────────────────────────────────────────────────────────────────────
[2026-05-25T05:18:12.167Z]
TYPE     : 💥 UNEXPECTED (Bug)
STATUS   : 500
MESSAGE  : Cannot set property query of #<IncomingMessage> which has only a getter
METHOD   : GET
URL      : /api/admin/revenue
IP       : ::1
USER_ID  : 6a124581c1a983b277159b35
STACK    :
TypeError: Cannot set property query of #<IncomingMessage> which has only a getter
    at <anonymous> (J:\Programming\Node js\manbat_backend\app\middlewares\validationRequestMiddleware.ts:41:39)
    at Layer.handleRequest (J:\Programming\Node js\manbat_backend\node_modules\router\lib\layer.js:152:17)
    at next (J:\Programming\Node js\manbat_backend\node_modules\router\lib\route.js:157:13)
    at Route.dispatch (J:\Programming\Node js\manbat_backend\node_modules\router\lib\route.js:117:3)
    at handle (J:\Programming\Node js\manbat_backend\node_modules\router\index.js:435:11)
    at Layer.handleRequest (J:\Programming\Node js\manbat_backend\node_modules\router\lib\layer.js:152:17)
    at J:\Programming\Node js\manbat_backend\node_modules\router\index.js:295:15
    at processParams (J:\Programming\Node js\manbat_backend\node_modules\router\index.js:582:12)
    at next (J:\Programming\Node js\manbat_backend\node_modules\router\index.js:291:5)
    at AdminAuthorization (J:\Programming\Node js\manbat_backend\app\middlewares\adminMiddleware.ts:9:13)
────────────────────────────────────────────────────────────────────────────────────────────────────────────────────────
[2026-05-25T05:18:36.530Z]
TYPE     : 💥 UNEXPECTED (Bug)
STATUS   : 500
MESSAGE  : Cannot set property query of #<IncomingMessage> which has only a getter
METHOD   : GET
URL      : /api/admin/revenue
IP       : ::1
USER_ID  : 6a124581c1a983b277159b35
STACK    :
TypeError: Cannot set property query of #<IncomingMessage> which has only a getter
    at <anonymous> (J:\Programming\Node js\manbat_backend\app\middlewares\validationRequestMiddleware.ts:41:39)
    at Layer.handleRequest (J:\Programming\Node js\manbat_backend\node_modules\router\lib\layer.js:152:17)
    at next (J:\Programming\Node js\manbat_backend\node_modules\router\lib\route.js:157:13)
    at Route.dispatch (J:\Programming\Node js\manbat_backend\node_modules\router\lib\route.js:117:3)
    at handle (J:\Programming\Node js\manbat_backend\node_modules\router\index.js:435:11)
    at Layer.handleRequest (J:\Programming\Node js\manbat_backend\node_modules\router\lib\layer.js:152:17)
    at J:\Programming\Node js\manbat_backend\node_modules\router\index.js:295:15
    at processParams (J:\Programming\Node js\manbat_backend\node_modules\router\index.js:582:12)
    at next (J:\Programming\Node js\manbat_backend\node_modules\router\index.js:291:5)
    at AdminAuthorization (J:\Programming\Node js\manbat_backend\app\middlewares\adminMiddleware.ts:9:13)
────────────────────────────────────────────────────────────────────────────────────────────────────────────────────────
[2026-05-25T05:18:56.882Z]
TYPE     : 💥 UNEXPECTED (Bug)
STATUS   : 500
MESSAGE  : Cannot set property query of #<IncomingMessage> which has only a getter
METHOD   : GET
URL      : /api/admin/revenue
IP       : ::1
USER_ID  : 6a124581c1a983b277159b35
STACK    :
TypeError: Cannot set property query of #<IncomingMessage> which has only a getter
    at <anonymous> (J:\Programming\Node js\manbat_backend\app\middlewares\validationRequestMiddleware.ts:41:39)
    at Layer.handleRequest (J:\Programming\Node js\manbat_backend\node_modules\router\lib\layer.js:152:17)
    at next (J:\Programming\Node js\manbat_backend\node_modules\router\lib\route.js:157:13)
    at Route.dispatch (J:\Programming\Node js\manbat_backend\node_modules\router\lib\route.js:117:3)
    at handle (J:\Programming\Node js\manbat_backend\node_modules\router\index.js:435:11)
    at Layer.handleRequest (J:\Programming\Node js\manbat_backend\node_modules\router\lib\layer.js:152:17)
    at J:\Programming\Node js\manbat_backend\node_modules\router\index.js:295:15
    at processParams (J:\Programming\Node js\manbat_backend\node_modules\router\index.js:582:12)
    at next (J:\Programming\Node js\manbat_backend\node_modules\router\index.js:291:5)
    at AdminAuthorization (J:\Programming\Node js\manbat_backend\app\middlewares\adminMiddleware.ts:9:13)
────────────────────────────────────────────────────────────────────────────────────────────────────────────────────────
[2026-05-25T05:19:21.245Z]
TYPE     : 💥 UNEXPECTED (Bug)
STATUS   : 500
MESSAGE  : Cannot set property query of #<IncomingMessage> which has only a getter
METHOD   : GET
URL      : /api/admin/revenue
IP       : ::1
USER_ID  : 6a124581c1a983b277159b35
STACK    :
TypeError: Cannot set property query of #<IncomingMessage> which has only a getter
    at <anonymous> (J:\Programming\Node js\manbat_backend\app\middlewares\validationRequestMiddleware.ts:41:39)
    at Layer.handleRequest (J:\Programming\Node js\manbat_backend\node_modules\router\lib\layer.js:152:17)
    at next (J:\Programming\Node js\manbat_backend\node_modules\router\lib\route.js:157:13)
    at Route.dispatch (J:\Programming\Node js\manbat_backend\node_modules\router\lib\route.js:117:3)
    at handle (J:\Programming\Node js\manbat_backend\node_modules\router\index.js:435:11)
    at Layer.handleRequest (J:\Programming\Node js\manbat_backend\node_modules\router\lib\layer.js:152:17)
    at J:\Programming\Node js\manbat_backend\node_modules\router\index.js:295:15
    at processParams (J:\Programming\Node js\manbat_backend\node_modules\router\index.js:582:12)
    at next (J:\Programming\Node js\manbat_backend\node_modules\router\index.js:291:5)
    at AdminAuthorization (J:\Programming\Node js\manbat_backend\app\middlewares\adminMiddleware.ts:9:13)
────────────────────────────────────────────────────────────────────────────────────────────────────────────────────────
[2026-05-25T05:19:59.860Z]
TYPE     : 💥 UNEXPECTED (Bug)
STATUS   : 500
MESSAGE  : Cannot set property query of #<IncomingMessage> which has only a getter
METHOD   : GET
URL      : /api/admin/revenue
IP       : ::1
USER_ID  : 6a124581c1a983b277159b35
STACK    :
TypeError: Cannot set property query of #<IncomingMessage> which has only a getter
    at <anonymous> (J:\Programming\Node js\manbat_backend\app\middlewares\validationRequestMiddleware.ts:41:39)
    at Layer.handleRequest (J:\Programming\Node js\manbat_backend\node_modules\router\lib\layer.js:152:17)
    at next (J:\Programming\Node js\manbat_backend\node_modules\router\lib\route.js:157:13)
    at Route.dispatch (J:\Programming\Node js\manbat_backend\node_modules\router\lib\route.js:117:3)
    at handle (J:\Programming\Node js\manbat_backend\node_modules\router\index.js:435:11)
    at Layer.handleRequest (J:\Programming\Node js\manbat_backend\node_modules\router\lib\layer.js:152:17)
    at J:\Programming\Node js\manbat_backend\node_modules\router\index.js:295:15
    at processParams (J:\Programming\Node js\manbat_backend\node_modules\router\index.js:582:12)
    at next (J:\Programming\Node js\manbat_backend\node_modules\router\index.js:291:5)
    at AdminAuthorization (J:\Programming\Node js\manbat_backend\app\middlewares\adminMiddleware.ts:9:13)
────────────────────────────────────────────────────────────────────────────────────────────────────────────────────────
[2026-05-25T05:20:15.280Z]
TYPE     : 💥 UNEXPECTED (Bug)
STATUS   : 500
MESSAGE  : Cannot set property query of #<IncomingMessage> which has only a getter
METHOD   : GET
URL      : /api/admin/revenue
IP       : ::1
USER_ID  : 6a124581c1a983b277159b35
STACK    :
TypeError: Cannot set property query of #<IncomingMessage> which has only a getter
    at <anonymous> (J:\Programming\Node js\manbat_backend\app\middlewares\validationRequestMiddleware.ts:41:39)
    at Layer.handleRequest (J:\Programming\Node js\manbat_backend\node_modules\router\lib\layer.js:152:17)
    at next (J:\Programming\Node js\manbat_backend\node_modules\router\lib\route.js:157:13)
    at Route.dispatch (J:\Programming\Node js\manbat_backend\node_modules\router\lib\route.js:117:3)
    at handle (J:\Programming\Node js\manbat_backend\node_modules\router\index.js:435:11)
    at Layer.handleRequest (J:\Programming\Node js\manbat_backend\node_modules\router\lib\layer.js:152:17)
    at J:\Programming\Node js\manbat_backend\node_modules\router\index.js:295:15
    at processParams (J:\Programming\Node js\manbat_backend\node_modules\router\index.js:582:12)
    at next (J:\Programming\Node js\manbat_backend\node_modules\router\index.js:291:5)
    at AdminAuthorization (J:\Programming\Node js\manbat_backend\app\middlewares\adminMiddleware.ts:9:13)
────────────────────────────────────────────────────────────────────────────────────────────────────────────────────────
[2026-05-25T05:21:38.700Z]
TYPE     : 💥 UNEXPECTED (Bug)
STATUS   : 500
MESSAGE  : Cannot set property query of #<IncomingMessage> which has only a getter
METHOD   : GET
URL      : /api/admin/revenue
IP       : ::1
USER_ID  : 6a124581c1a983b277159b35
STACK    :
TypeError: Cannot set property query of #<IncomingMessage> which has only a getter
    at <anonymous> (J:\Programming\Node js\manbat_backend\app\middlewares\validationRequestMiddleware.ts:41:39)
    at Layer.handleRequest (J:\Programming\Node js\manbat_backend\node_modules\router\lib\layer.js:152:17)
    at next (J:\Programming\Node js\manbat_backend\node_modules\router\lib\route.js:157:13)
    at Route.dispatch (J:\Programming\Node js\manbat_backend\node_modules\router\lib\route.js:117:3)
    at handle (J:\Programming\Node js\manbat_backend\node_modules\router\index.js:435:11)
    at Layer.handleRequest (J:\Programming\Node js\manbat_backend\node_modules\router\lib\layer.js:152:17)
    at J:\Programming\Node js\manbat_backend\node_modules\router\index.js:295:15
    at processParams (J:\Programming\Node js\manbat_backend\node_modules\router\index.js:582:12)
    at next (J:\Programming\Node js\manbat_backend\node_modules\router\index.js:291:5)
    at AdminAuthorization (J:\Programming\Node js\manbat_backend\app\middlewares\adminMiddleware.ts:9:13)
────────────────────────────────────────────────────────────────────────────────────────────────────────────────────────
[2026-05-25T05:22:41.367Z]
TYPE     : 💥 UNEXPECTED (Bug)
STATUS   : 500
MESSAGE  : Cannot set property query of #<IncomingMessage> which has only a getter
METHOD   : GET
URL      : /api/admin/revenue
IP       : ::1
USER_ID  : 6a124581c1a983b277159b35
STACK    :
TypeError: Cannot set property query of #<IncomingMessage> which has only a getter
    at <anonymous> (J:\Programming\Node js\manbat_backend\app\middlewares\validationRequestMiddleware.ts:41:39)
    at Layer.handleRequest (J:\Programming\Node js\manbat_backend\node_modules\router\lib\layer.js:152:17)
    at next (J:\Programming\Node js\manbat_backend\node_modules\router\lib\route.js:157:13)
    at Route.dispatch (J:\Programming\Node js\manbat_backend\node_modules\router\lib\route.js:117:3)
    at handle (J:\Programming\Node js\manbat_backend\node_modules\router\index.js:435:11)
    at Layer.handleRequest (J:\Programming\Node js\manbat_backend\node_modules\router\lib\layer.js:152:17)
    at J:\Programming\Node js\manbat_backend\node_modules\router\index.js:295:15
    at processParams (J:\Programming\Node js\manbat_backend\node_modules\router\index.js:582:12)
    at next (J:\Programming\Node js\manbat_backend\node_modules\router\index.js:291:5)
    at AdminAuthorization (J:\Programming\Node js\manbat_backend\app\middlewares\adminMiddleware.ts:9:13)
────────────────────────────────────────────────────────────────────────────────────────────────────────────────────────
[2026-05-25T05:23:31.963Z]
TYPE     : 💥 UNEXPECTED (Bug)
STATUS   : 500
MESSAGE  : Cannot set property query of #<IncomingMessage> which has only a getter
METHOD   : GET
URL      : /api/admin/revenue
IP       : ::1
USER_ID  : 6a124581c1a983b277159b35
STACK    :
TypeError: Cannot set property query of #<IncomingMessage> which has only a getter
    at <anonymous> (J:\Programming\Node js\manbat_backend\app\middlewares\validationRequestMiddleware.ts:41:39)
    at Layer.handleRequest (J:\Programming\Node js\manbat_backend\node_modules\router\lib\layer.js:152:17)
    at next (J:\Programming\Node js\manbat_backend\node_modules\router\lib\route.js:157:13)
    at Route.dispatch (J:\Programming\Node js\manbat_backend\node_modules\router\lib\route.js:117:3)
    at handle (J:\Programming\Node js\manbat_backend\node_modules\router\index.js:435:11)
    at Layer.handleRequest (J:\Programming\Node js\manbat_backend\node_modules\router\lib\layer.js:152:17)
    at J:\Programming\Node js\manbat_backend\node_modules\router\index.js:295:15
    at processParams (J:\Programming\Node js\manbat_backend\node_modules\router\index.js:582:12)
    at next (J:\Programming\Node js\manbat_backend\node_modules\router\index.js:291:5)
    at AdminAuthorization (J:\Programming\Node js\manbat_backend\app\middlewares\adminMiddleware.ts:9:13)
────────────────────────────────────────────────────────────────────────────────────────────────────────────────────────
[2026-05-25T05:23:45.725Z]
TYPE     : 💥 UNEXPECTED (Bug)
STATUS   : 500
MESSAGE  : Cannot set property query of #<IncomingMessage> which has only a getter
METHOD   : GET
URL      : /api/admin/revenue
IP       : ::1
USER_ID  : 6a124581c1a983b277159b35
STACK    :
TypeError: Cannot set property query of #<IncomingMessage> which has only a getter
    at <anonymous> (J:\Programming\Node js\manbat_backend\app\middlewares\validationRequestMiddleware.ts:41:39)
    at Layer.handleRequest (J:\Programming\Node js\manbat_backend\node_modules\router\lib\layer.js:152:17)
    at next (J:\Programming\Node js\manbat_backend\node_modules\router\lib\route.js:157:13)
    at Route.dispatch (J:\Programming\Node js\manbat_backend\node_modules\router\lib\route.js:117:3)
    at handle (J:\Programming\Node js\manbat_backend\node_modules\router\index.js:435:11)
    at Layer.handleRequest (J:\Programming\Node js\manbat_backend\node_modules\router\lib\layer.js:152:17)
    at J:\Programming\Node js\manbat_backend\node_modules\router\index.js:295:15
    at processParams (J:\Programming\Node js\manbat_backend\node_modules\router\index.js:582:12)
    at next (J:\Programming\Node js\manbat_backend\node_modules\router\index.js:291:5)
    at AdminAuthorization (J:\Programming\Node js\manbat_backend\app\middlewares\adminMiddleware.ts:9:13)
────────────────────────────────────────────────────────────────────────────────────────────────────────────────────────
[2026-05-25T05:24:07.499Z]
TYPE     : 💥 UNEXPECTED (Bug)
STATUS   : 500
MESSAGE  : Cannot set property query of #<IncomingMessage> which has only a getter
METHOD   : GET
URL      : /api/admin/revenue
IP       : ::1
USER_ID  : 6a124581c1a983b277159b35
STACK    :
TypeError: Cannot set property query of #<IncomingMessage> which has only a getter
    at <anonymous> (J:\Programming\Node js\manbat_backend\app\middlewares\validationRequestMiddleware.ts:41:39)
    at Layer.handleRequest (J:\Programming\Node js\manbat_backend\node_modules\router\lib\layer.js:152:17)
    at next (J:\Programming\Node js\manbat_backend\node_modules\router\lib\route.js:157:13)
    at Route.dispatch (J:\Programming\Node js\manbat_backend\node_modules\router\lib\route.js:117:3)
    at handle (J:\Programming\Node js\manbat_backend\node_modules\router\index.js:435:11)
    at Layer.handleRequest (J:\Programming\Node js\manbat_backend\node_modules\router\lib\layer.js:152:17)
    at J:\Programming\Node js\manbat_backend\node_modules\router\index.js:295:15
    at processParams (J:\Programming\Node js\manbat_backend\node_modules\router\index.js:582:12)
    at next (J:\Programming\Node js\manbat_backend\node_modules\router\index.js:291:5)
    at AdminAuthorization (J:\Programming\Node js\manbat_backend\app\middlewares\adminMiddleware.ts:9:13)
────────────────────────────────────────────────────────────────────────────────────────────────────────────────────────
[2026-05-25T05:24:54.889Z]
TYPE     : 💥 UNEXPECTED (Bug)
STATUS   : 500
MESSAGE  : Cannot set property query of #<IncomingMessage> which has only a getter
METHOD   : GET
URL      : /api/admin/revenue
IP       : ::1
USER_ID  : 6a124581c1a983b277159b35
STACK    :
TypeError: Cannot set property query of #<IncomingMessage> which has only a getter
    at <anonymous> (J:\Programming\Node js\manbat_backend\app\middlewares\validationRequestMiddleware.ts:41:39)
    at Layer.handleRequest (J:\Programming\Node js\manbat_backend\node_modules\router\lib\layer.js:152:17)
    at next (J:\Programming\Node js\manbat_backend\node_modules\router\lib\route.js:157:13)
    at Route.dispatch (J:\Programming\Node js\manbat_backend\node_modules\router\lib\route.js:117:3)
    at handle (J:\Programming\Node js\manbat_backend\node_modules\router\index.js:435:11)
    at Layer.handleRequest (J:\Programming\Node js\manbat_backend\node_modules\router\lib\layer.js:152:17)
    at J:\Programming\Node js\manbat_backend\node_modules\router\index.js:295:15
    at processParams (J:\Programming\Node js\manbat_backend\node_modules\router\index.js:582:12)
    at next (J:\Programming\Node js\manbat_backend\node_modules\router\index.js:291:5)
    at AdminAuthorization (J:\Programming\Node js\manbat_backend\app\middlewares\adminMiddleware.ts:9:13)
────────────────────────────────────────────────────────────────────────────────────────────────────────────────────────
[2026-05-25T05:25:04.337Z]
TYPE     : 💥 UNEXPECTED (Bug)
STATUS   : 500
MESSAGE  : Cannot set property query of #<IncomingMessage> which has only a getter
METHOD   : GET
URL      : /api/admin/revenue
IP       : ::1
USER_ID  : 6a124581c1a983b277159b35
STACK    :
TypeError: Cannot set property query of #<IncomingMessage> which has only a getter
    at <anonymous> (J:\Programming\Node js\manbat_backend\app\middlewares\validationRequestMiddleware.ts:41:39)
    at Layer.handleRequest (J:\Programming\Node js\manbat_backend\node_modules\router\lib\layer.js:152:17)
    at next (J:\Programming\Node js\manbat_backend\node_modules\router\lib\route.js:157:13)
    at Route.dispatch (J:\Programming\Node js\manbat_backend\node_modules\router\lib\route.js:117:3)
    at handle (J:\Programming\Node js\manbat_backend\node_modules\router\index.js:435:11)
    at Layer.handleRequest (J:\Programming\Node js\manbat_backend\node_modules\router\lib\layer.js:152:17)
    at J:\Programming\Node js\manbat_backend\node_modules\router\index.js:295:15
    at processParams (J:\Programming\Node js\manbat_backend\node_modules\router\index.js:582:12)
    at next (J:\Programming\Node js\manbat_backend\node_modules\router\index.js:291:5)
    at AdminAuthorization (J:\Programming\Node js\manbat_backend\app\middlewares\adminMiddleware.ts:9:13)
────────────────────────────────────────────────────────────────────────────────────────────────────────────────────────
[2026-05-25T05:25:08.653Z]
TYPE     : 💥 UNEXPECTED (Bug)
STATUS   : 500
MESSAGE  : Cannot set property query of #<IncomingMessage> which has only a getter
METHOD   : GET
URL      : /api/admin/revenue
IP       : ::1
USER_ID  : 6a124581c1a983b277159b35
STACK    :
TypeError: Cannot set property query of #<IncomingMessage> which has only a getter
    at <anonymous> (J:\Programming\Node js\manbat_backend\app\middlewares\validationRequestMiddleware.ts:41:39)
    at Layer.handleRequest (J:\Programming\Node js\manbat_backend\node_modules\router\lib\layer.js:152:17)
    at next (J:\Programming\Node js\manbat_backend\node_modules\router\lib\route.js:157:13)
    at Route.dispatch (J:\Programming\Node js\manbat_backend\node_modules\router\lib\route.js:117:3)
    at handle (J:\Programming\Node js\manbat_backend\node_modules\router\index.js:435:11)
    at Layer.handleRequest (J:\Programming\Node js\manbat_backend\node_modules\router\lib\layer.js:152:17)
    at J:\Programming\Node js\manbat_backend\node_modules\router\index.js:295:15
    at processParams (J:\Programming\Node js\manbat_backend\node_modules\router\index.js:582:12)
    at next (J:\Programming\Node js\manbat_backend\node_modules\router\index.js:291:5)
    at AdminAuthorization (J:\Programming\Node js\manbat_backend\app\middlewares\adminMiddleware.ts:9:13)
────────────────────────────────────────────────────────────────────────────────────────────────────────────────────────
[2026-05-25T05:25:18.603Z]
TYPE     : 💥 UNEXPECTED (Bug)
STATUS   : 500
MESSAGE  : Cannot set property query of #<IncomingMessage> which has only a getter
METHOD   : GET
URL      : /api/admin/revenue
IP       : ::1
USER_ID  : 6a124581c1a983b277159b35
STACK    :
TypeError: Cannot set property query of #<IncomingMessage> which has only a getter
    at <anonymous> (J:\Programming\Node js\manbat_backend\app\middlewares\validationRequestMiddleware.ts:41:39)
    at Layer.handleRequest (J:\Programming\Node js\manbat_backend\node_modules\router\lib\layer.js:152:17)
    at next (J:\Programming\Node js\manbat_backend\node_modules\router\lib\route.js:157:13)
    at Route.dispatch (J:\Programming\Node js\manbat_backend\node_modules\router\lib\route.js:117:3)
    at handle (J:\Programming\Node js\manbat_backend\node_modules\router\index.js:435:11)
    at Layer.handleRequest (J:\Programming\Node js\manbat_backend\node_modules\router\lib\layer.js:152:17)
    at J:\Programming\Node js\manbat_backend\node_modules\router\index.js:295:15
    at processParams (J:\Programming\Node js\manbat_backend\node_modules\router\index.js:582:12)
    at next (J:\Programming\Node js\manbat_backend\node_modules\router\index.js:291:5)
    at AdminAuthorization (J:\Programming\Node js\manbat_backend\app\middlewares\adminMiddleware.ts:9:13)
────────────────────────────────────────────────────────────────────────────────────────────────────────────────────────
[2026-05-25T05:25:27.370Z]
TYPE     : 💥 UNEXPECTED (Bug)
STATUS   : 500
MESSAGE  : Cannot set property query of #<IncomingMessage> which has only a getter
METHOD   : GET
URL      : /api/admin/revenue
IP       : ::1
USER_ID  : 6a124581c1a983b277159b35
STACK    :
TypeError: Cannot set property query of #<IncomingMessage> which has only a getter
    at <anonymous> (J:\Programming\Node js\manbat_backend\app\middlewares\validationRequestMiddleware.ts:41:39)
    at Layer.handleRequest (J:\Programming\Node js\manbat_backend\node_modules\router\lib\layer.js:152:17)
    at next (J:\Programming\Node js\manbat_backend\node_modules\router\lib\route.js:157:13)
    at Route.dispatch (J:\Programming\Node js\manbat_backend\node_modules\router\lib\route.js:117:3)
    at handle (J:\Programming\Node js\manbat_backend\node_modules\router\index.js:435:11)
    at Layer.handleRequest (J:\Programming\Node js\manbat_backend\node_modules\router\lib\layer.js:152:17)
    at J:\Programming\Node js\manbat_backend\node_modules\router\index.js:295:15
    at processParams (J:\Programming\Node js\manbat_backend\node_modules\router\index.js:582:12)
    at next (J:\Programming\Node js\manbat_backend\node_modules\router\index.js:291:5)
    at AdminAuthorization (J:\Programming\Node js\manbat_backend\app\middlewares\adminMiddleware.ts:9:13)
────────────────────────────────────────────────────────────────────────────────────────────────────────────────────────
[2026-05-25T05:25:42.603Z]
TYPE     : 💥 UNEXPECTED (Bug)
STATUS   : 500
MESSAGE  : Cannot set property query of #<IncomingMessage> which has only a getter
METHOD   : GET
URL      : /api/admin/revenue
IP       : ::1
USER_ID  : 6a124581c1a983b277159b35
STACK    :
TypeError: Cannot set property query of #<IncomingMessage> which has only a getter
    at <anonymous> (J:\Programming\Node js\manbat_backend\app\middlewares\validationRequestMiddleware.ts:41:39)
    at Layer.handleRequest (J:\Programming\Node js\manbat_backend\node_modules\router\lib\layer.js:152:17)
    at next (J:\Programming\Node js\manbat_backend\node_modules\router\lib\route.js:157:13)
    at Route.dispatch (J:\Programming\Node js\manbat_backend\node_modules\router\lib\route.js:117:3)
    at handle (J:\Programming\Node js\manbat_backend\node_modules\router\index.js:435:11)
    at Layer.handleRequest (J:\Programming\Node js\manbat_backend\node_modules\router\lib\layer.js:152:17)
    at J:\Programming\Node js\manbat_backend\node_modules\router\index.js:295:15
    at processParams (J:\Programming\Node js\manbat_backend\node_modules\router\index.js:582:12)
    at next (J:\Programming\Node js\manbat_backend\node_modules\router\index.js:291:5)
    at AdminAuthorization (J:\Programming\Node js\manbat_backend\app\middlewares\adminMiddleware.ts:9:13)
────────────────────────────────────────────────────────────────────────────────────────────────────────────────────────
[2026-05-25T05:26:06.765Z]
TYPE     : 💥 UNEXPECTED (Bug)
STATUS   : 500
MESSAGE  : Cannot set property query of #<IncomingMessage> which has only a getter
METHOD   : GET
URL      : /api/admin/revenue
IP       : ::1
USER_ID  : 6a124581c1a983b277159b35
STACK    :
TypeError: Cannot set property query of #<IncomingMessage> which has only a getter
    at <anonymous> (J:\Programming\Node js\manbat_backend\app\middlewares\validationRequestMiddleware.ts:41:39)
    at Layer.handleRequest (J:\Programming\Node js\manbat_backend\node_modules\router\lib\layer.js:152:17)
    at next (J:\Programming\Node js\manbat_backend\node_modules\router\lib\route.js:157:13)
    at Route.dispatch (J:\Programming\Node js\manbat_backend\node_modules\router\lib\route.js:117:3)
    at handle (J:\Programming\Node js\manbat_backend\node_modules\router\index.js:435:11)
    at Layer.handleRequest (J:\Programming\Node js\manbat_backend\node_modules\router\lib\layer.js:152:17)
    at J:\Programming\Node js\manbat_backend\node_modules\router\index.js:295:15
    at processParams (J:\Programming\Node js\manbat_backend\node_modules\router\index.js:582:12)
    at next (J:\Programming\Node js\manbat_backend\node_modules\router\index.js:291:5)
    at AdminAuthorization (J:\Programming\Node js\manbat_backend\app\middlewares\adminMiddleware.ts:9:13)
────────────────────────────────────────────────────────────────────────────────────────────────────────────────────────
[2026-05-25T05:26:28.937Z]
TYPE     : 💥 UNEXPECTED (Bug)
STATUS   : 500
MESSAGE  : Cannot set property query of #<IncomingMessage> which has only a getter
METHOD   : GET
URL      : /api/admin/revenue
IP       : ::1
USER_ID  : 6a124581c1a983b277159b35
STACK    :
TypeError: Cannot set property query of #<IncomingMessage> which has only a getter
    at <anonymous> (J:\Programming\Node js\manbat_backend\app\middlewares\validationRequestMiddleware.ts:41:39)
    at Layer.handleRequest (J:\Programming\Node js\manbat_backend\node_modules\router\lib\layer.js:152:17)
    at next (J:\Programming\Node js\manbat_backend\node_modules\router\lib\route.js:157:13)
    at Route.dispatch (J:\Programming\Node js\manbat_backend\node_modules\router\lib\route.js:117:3)
    at handle (J:\Programming\Node js\manbat_backend\node_modules\router\index.js:435:11)
    at Layer.handleRequest (J:\Programming\Node js\manbat_backend\node_modules\router\lib\layer.js:152:17)
    at J:\Programming\Node js\manbat_backend\node_modules\router\index.js:295:15
    at processParams (J:\Programming\Node js\manbat_backend\node_modules\router\index.js:582:12)
    at next (J:\Programming\Node js\manbat_backend\node_modules\router\index.js:291:5)
    at AdminAuthorization (J:\Programming\Node js\manbat_backend\app\middlewares\adminMiddleware.ts:9:13)
────────────────────────────────────────────────────────────────────────────────────────────────────────────────────────
[2026-05-25T05:29:46.915Z]
TYPE     : 💥 UNEXPECTED (Bug)
STATUS   : 500
MESSAGE  : Cannot set property query of #<IncomingMessage> which has only a getter
METHOD   : GET
URL      : /api/admin/revenue
IP       : ::1
USER_ID  : 6a124581c1a983b277159b35
STACK    :
TypeError: Cannot set property query of #<IncomingMessage> which has only a getter
    at <anonymous> (J:\Programming\Node js\manbat_backend\app\middlewares\validationRequestMiddleware.ts:41:39)
    at Layer.handleRequest (J:\Programming\Node js\manbat_backend\node_modules\router\lib\layer.js:152:17)
    at next (J:\Programming\Node js\manbat_backend\node_modules\router\lib\route.js:157:13)
    at Route.dispatch (J:\Programming\Node js\manbat_backend\node_modules\router\lib\route.js:117:3)
    at handle (J:\Programming\Node js\manbat_backend\node_modules\router\index.js:435:11)
    at Layer.handleRequest (J:\Programming\Node js\manbat_backend\node_modules\router\lib\layer.js:152:17)
    at J:\Programming\Node js\manbat_backend\node_modules\router\index.js:295:15
    at processParams (J:\Programming\Node js\manbat_backend\node_modules\router\index.js:582:12)
    at next (J:\Programming\Node js\manbat_backend\node_modules\router\index.js:291:5)
    at AdminAuthorization (J:\Programming\Node js\manbat_backend\app\middlewares\adminMiddleware.ts:9:13)
────────────────────────────────────────────────────────────────────────────────────────────────────────────────────────
[2026-05-25T05:29:47.970Z]
TYPE     : 💥 UNEXPECTED (Bug)
STATUS   : 500
MESSAGE  : Cannot set property query of #<IncomingMessage> which has only a getter
METHOD   : GET
URL      : /api/admin/revenue
IP       : ::1
USER_ID  : 6a124581c1a983b277159b35
STACK    :
TypeError: Cannot set property query of #<IncomingMessage> which has only a getter
    at <anonymous> (J:\Programming\Node js\manbat_backend\app\middlewares\validationRequestMiddleware.ts:41:39)
    at Layer.handleRequest (J:\Programming\Node js\manbat_backend\node_modules\router\lib\layer.js:152:17)
    at next (J:\Programming\Node js\manbat_backend\node_modules\router\lib\route.js:157:13)
    at Route.dispatch (J:\Programming\Node js\manbat_backend\node_modules\router\lib\route.js:117:3)
    at handle (J:\Programming\Node js\manbat_backend\node_modules\router\index.js:435:11)
    at Layer.handleRequest (J:\Programming\Node js\manbat_backend\node_modules\router\lib\layer.js:152:17)
    at J:\Programming\Node js\manbat_backend\node_modules\router\index.js:295:15
    at processParams (J:\Programming\Node js\manbat_backend\node_modules\router\index.js:582:12)
    at next (J:\Programming\Node js\manbat_backend\node_modules\router\index.js:291:5)
    at AdminAuthorization (J:\Programming\Node js\manbat_backend\app\middlewares\adminMiddleware.ts:9:13)
────────────────────────────────────────────────────────────────────────────────────────────────────────────────────────
[2026-05-25T05:29:49.980Z]
TYPE     : 💥 UNEXPECTED (Bug)
STATUS   : 500
MESSAGE  : Cannot set property query of #<IncomingMessage> which has only a getter
METHOD   : GET
URL      : /api/admin/revenue
IP       : ::1
USER_ID  : 6a124581c1a983b277159b35
STACK    :
TypeError: Cannot set property query of #<IncomingMessage> which has only a getter
    at <anonymous> (J:\Programming\Node js\manbat_backend\app\middlewares\validationRequestMiddleware.ts:41:39)
    at Layer.handleRequest (J:\Programming\Node js\manbat_backend\node_modules\router\lib\layer.js:152:17)
    at next (J:\Programming\Node js\manbat_backend\node_modules\router\lib\route.js:157:13)
    at Route.dispatch (J:\Programming\Node js\manbat_backend\node_modules\router\lib\route.js:117:3)
    at handle (J:\Programming\Node js\manbat_backend\node_modules\router\index.js:435:11)
    at Layer.handleRequest (J:\Programming\Node js\manbat_backend\node_modules\router\lib\layer.js:152:17)
    at J:\Programming\Node js\manbat_backend\node_modules\router\index.js:295:15
    at processParams (J:\Programming\Node js\manbat_backend\node_modules\router\index.js:582:12)
    at next (J:\Programming\Node js\manbat_backend\node_modules\router\index.js:291:5)
    at AdminAuthorization (J:\Programming\Node js\manbat_backend\app\middlewares\adminMiddleware.ts:9:13)
────────────────────────────────────────────────────────────────────────────────────────────────────────────────────────
[2026-05-25T05:29:53.988Z]
TYPE     : 💥 UNEXPECTED (Bug)
STATUS   : 500
MESSAGE  : Cannot set property query of #<IncomingMessage> which has only a getter
METHOD   : GET
URL      : /api/admin/revenue
IP       : ::1
USER_ID  : 6a124581c1a983b277159b35
STACK    :
TypeError: Cannot set property query of #<IncomingMessage> which has only a getter
    at <anonymous> (J:\Programming\Node js\manbat_backend\app\middlewares\validationRequestMiddleware.ts:41:39)
    at Layer.handleRequest (J:\Programming\Node js\manbat_backend\node_modules\router\lib\layer.js:152:17)
    at next (J:\Programming\Node js\manbat_backend\node_modules\router\lib\route.js:157:13)
    at Route.dispatch (J:\Programming\Node js\manbat_backend\node_modules\router\lib\route.js:117:3)
    at handle (J:\Programming\Node js\manbat_backend\node_modules\router\index.js:435:11)
    at Layer.handleRequest (J:\Programming\Node js\manbat_backend\node_modules\router\lib\layer.js:152:17)
    at J:\Programming\Node js\manbat_backend\node_modules\router\index.js:295:15
    at processParams (J:\Programming\Node js\manbat_backend\node_modules\router\index.js:582:12)
    at next (J:\Programming\Node js\manbat_backend\node_modules\router\index.js:291:5)
    at AdminAuthorization (J:\Programming\Node js\manbat_backend\app\middlewares\adminMiddleware.ts:9:13)
────────────────────────────────────────────────────────────────────────────────────────────────────────────────────────
[2026-05-25T05:30:07.149Z]
TYPE     : 💥 UNEXPECTED (Bug)
STATUS   : 500
MESSAGE  : Cannot set property query of #<IncomingMessage> which has only a getter
METHOD   : GET
URL      : /api/admin/revenue
IP       : ::1
USER_ID  : 6a124581c1a983b277159b35
STACK    :
TypeError: Cannot set property query of #<IncomingMessage> which has only a getter
    at <anonymous> (J:\Programming\Node js\manbat_backend\app\middlewares\validationRequestMiddleware.ts:41:39)
    at Layer.handleRequest (J:\Programming\Node js\manbat_backend\node_modules\router\lib\layer.js:152:17)
    at next (J:\Programming\Node js\manbat_backend\node_modules\router\lib\route.js:157:13)
    at Route.dispatch (J:\Programming\Node js\manbat_backend\node_modules\router\lib\route.js:117:3)
    at handle (J:\Programming\Node js\manbat_backend\node_modules\router\index.js:435:11)
    at Layer.handleRequest (J:\Programming\Node js\manbat_backend\node_modules\router\lib\layer.js:152:17)
    at J:\Programming\Node js\manbat_backend\node_modules\router\index.js:295:15
    at processParams (J:\Programming\Node js\manbat_backend\node_modules\router\index.js:582:12)
    at next (J:\Programming\Node js\manbat_backend\node_modules\router\index.js:291:5)
    at AdminAuthorization (J:\Programming\Node js\manbat_backend\app\middlewares\adminMiddleware.ts:9:13)
────────────────────────────────────────────────────────────────────────────────────────────────────────────────────────
[2026-05-25T05:30:08.190Z]
TYPE     : 💥 UNEXPECTED (Bug)
STATUS   : 500
MESSAGE  : Cannot set property query of #<IncomingMessage> which has only a getter
METHOD   : GET
URL      : /api/admin/revenue
IP       : ::1
USER_ID  : 6a124581c1a983b277159b35
STACK    :
TypeError: Cannot set property query of #<IncomingMessage> which has only a getter
    at <anonymous> (J:\Programming\Node js\manbat_backend\app\middlewares\validationRequestMiddleware.ts:41:39)
    at Layer.handleRequest (J:\Programming\Node js\manbat_backend\node_modules\router\lib\layer.js:152:17)
    at next (J:\Programming\Node js\manbat_backend\node_modules\router\lib\route.js:157:13)
    at Route.dispatch (J:\Programming\Node js\manbat_backend\node_modules\router\lib\route.js:117:3)
    at handle (J:\Programming\Node js\manbat_backend\node_modules\router\index.js:435:11)
    at Layer.handleRequest (J:\Programming\Node js\manbat_backend\node_modules\router\lib\layer.js:152:17)
    at J:\Programming\Node js\manbat_backend\node_modules\router\index.js:295:15
    at processParams (J:\Programming\Node js\manbat_backend\node_modules\router\index.js:582:12)
    at next (J:\Programming\Node js\manbat_backend\node_modules\router\index.js:291:5)
    at AdminAuthorization (J:\Programming\Node js\manbat_backend\app\middlewares\adminMiddleware.ts:9:13)
────────────────────────────────────────────────────────────────────────────────────────────────────────────────────────
[2026-05-25T05:30:10.199Z]
TYPE     : 💥 UNEXPECTED (Bug)
STATUS   : 500
MESSAGE  : Cannot set property query of #<IncomingMessage> which has only a getter
METHOD   : GET
URL      : /api/admin/revenue
IP       : ::1
USER_ID  : 6a124581c1a983b277159b35
STACK    :
TypeError: Cannot set property query of #<IncomingMessage> which has only a getter
    at <anonymous> (J:\Programming\Node js\manbat_backend\app\middlewares\validationRequestMiddleware.ts:41:39)
    at Layer.handleRequest (J:\Programming\Node js\manbat_backend\node_modules\router\lib\layer.js:152:17)
    at next (J:\Programming\Node js\manbat_backend\node_modules\router\lib\route.js:157:13)
    at Route.dispatch (J:\Programming\Node js\manbat_backend\node_modules\router\lib\route.js:117:3)
    at handle (J:\Programming\Node js\manbat_backend\node_modules\router\index.js:435:11)
    at Layer.handleRequest (J:\Programming\Node js\manbat_backend\node_modules\router\lib\layer.js:152:17)
    at J:\Programming\Node js\manbat_backend\node_modules\router\index.js:295:15
    at processParams (J:\Programming\Node js\manbat_backend\node_modules\router\index.js:582:12)
    at next (J:\Programming\Node js\manbat_backend\node_modules\router\index.js:291:5)
    at AdminAuthorization (J:\Programming\Node js\manbat_backend\app\middlewares\adminMiddleware.ts:9:13)
────────────────────────────────────────────────────────────────────────────────────────────────────────────────────────
[2026-05-25T05:30:14.214Z]
TYPE     : 💥 UNEXPECTED (Bug)
STATUS   : 500
MESSAGE  : Cannot set property query of #<IncomingMessage> which has only a getter
METHOD   : GET
URL      : /api/admin/revenue
IP       : ::1
USER_ID  : 6a124581c1a983b277159b35
STACK    :
TypeError: Cannot set property query of #<IncomingMessage> which has only a getter
    at <anonymous> (J:\Programming\Node js\manbat_backend\app\middlewares\validationRequestMiddleware.ts:41:39)
    at Layer.handleRequest (J:\Programming\Node js\manbat_backend\node_modules\router\lib\layer.js:152:17)
    at next (J:\Programming\Node js\manbat_backend\node_modules\router\lib\route.js:157:13)
    at Route.dispatch (J:\Programming\Node js\manbat_backend\node_modules\router\lib\route.js:117:3)
    at handle (J:\Programming\Node js\manbat_backend\node_modules\router\index.js:435:11)
    at Layer.handleRequest (J:\Programming\Node js\manbat_backend\node_modules\router\lib\layer.js:152:17)
    at J:\Programming\Node js\manbat_backend\node_modules\router\index.js:295:15
    at processParams (J:\Programming\Node js\manbat_backend\node_modules\router\index.js:582:12)
    at next (J:\Programming\Node js\manbat_backend\node_modules\router\index.js:291:5)
    at AdminAuthorization (J:\Programming\Node js\manbat_backend\app\middlewares\adminMiddleware.ts:9:13)
────────────────────────────────────────────────────────────────────────────────────────────────────────────────────────
[2026-05-25T05:31:08.211Z]
TYPE     : 💥 UNEXPECTED (Bug)
STATUS   : 500
MESSAGE  : Cannot set property query of #<IncomingMessage> which has only a getter
METHOD   : GET
URL      : /api/admin/revenue
IP       : ::1
USER_ID  : 6a124581c1a983b277159b35
STACK    :
TypeError: Cannot set property query of #<IncomingMessage> which has only a getter
    at <anonymous> (J:\Programming\Node js\manbat_backend\app\middlewares\validationRequestMiddleware.ts:41:39)
    at Layer.handleRequest (J:\Programming\Node js\manbat_backend\node_modules\router\lib\layer.js:152:17)
    at next (J:\Programming\Node js\manbat_backend\node_modules\router\lib\route.js:157:13)
    at Route.dispatch (J:\Programming\Node js\manbat_backend\node_modules\router\lib\route.js:117:3)
    at handle (J:\Programming\Node js\manbat_backend\node_modules\router\index.js:435:11)
    at Layer.handleRequest (J:\Programming\Node js\manbat_backend\node_modules\router\lib\layer.js:152:17)
    at J:\Programming\Node js\manbat_backend\node_modules\router\index.js:295:15
    at processParams (J:\Programming\Node js\manbat_backend\node_modules\router\index.js:582:12)
    at next (J:\Programming\Node js\manbat_backend\node_modules\router\index.js:291:5)
    at AdminAuthorization (J:\Programming\Node js\manbat_backend\app\middlewares\adminMiddleware.ts:9:13)
────────────────────────────────────────────────────────────────────────────────────────────────────────────────────────
[2026-05-25T05:31:09.256Z]
TYPE     : 💥 UNEXPECTED (Bug)
STATUS   : 500
MESSAGE  : Cannot set property query of #<IncomingMessage> which has only a getter
METHOD   : GET
URL      : /api/admin/revenue
IP       : ::1
USER_ID  : 6a124581c1a983b277159b35
STACK    :
TypeError: Cannot set property query of #<IncomingMessage> which has only a getter
    at <anonymous> (J:\Programming\Node js\manbat_backend\app\middlewares\validationRequestMiddleware.ts:41:39)
    at Layer.handleRequest (J:\Programming\Node js\manbat_backend\node_modules\router\lib\layer.js:152:17)
    at next (J:\Programming\Node js\manbat_backend\node_modules\router\lib\route.js:157:13)
    at Route.dispatch (J:\Programming\Node js\manbat_backend\node_modules\router\lib\route.js:117:3)
    at handle (J:\Programming\Node js\manbat_backend\node_modules\router\index.js:435:11)
    at Layer.handleRequest (J:\Programming\Node js\manbat_backend\node_modules\router\lib\layer.js:152:17)
    at J:\Programming\Node js\manbat_backend\node_modules\router\index.js:295:15
    at processParams (J:\Programming\Node js\manbat_backend\node_modules\router\index.js:582:12)
    at next (J:\Programming\Node js\manbat_backend\node_modules\router\index.js:291:5)
    at AdminAuthorization (J:\Programming\Node js\manbat_backend\app\middlewares\adminMiddleware.ts:9:13)
────────────────────────────────────────────────────────────────────────────────────────────────────────────────────────
[2026-05-25T05:31:11.263Z]
TYPE     : 💥 UNEXPECTED (Bug)
STATUS   : 500
MESSAGE  : Cannot set property query of #<IncomingMessage> which has only a getter
METHOD   : GET
URL      : /api/admin/revenue
IP       : ::1
USER_ID  : 6a124581c1a983b277159b35
STACK    :
TypeError: Cannot set property query of #<IncomingMessage> which has only a getter
    at <anonymous> (J:\Programming\Node js\manbat_backend\app\middlewares\validationRequestMiddleware.ts:41:39)
    at Layer.handleRequest (J:\Programming\Node js\manbat_backend\node_modules\router\lib\layer.js:152:17)
    at next (J:\Programming\Node js\manbat_backend\node_modules\router\lib\route.js:157:13)
    at Route.dispatch (J:\Programming\Node js\manbat_backend\node_modules\router\lib\route.js:117:3)
    at handle (J:\Programming\Node js\manbat_backend\node_modules\router\index.js:435:11)
    at Layer.handleRequest (J:\Programming\Node js\manbat_backend\node_modules\router\lib\layer.js:152:17)
    at J:\Programming\Node js\manbat_backend\node_modules\router\index.js:295:15
    at processParams (J:\Programming\Node js\manbat_backend\node_modules\router\index.js:582:12)
    at next (J:\Programming\Node js\manbat_backend\node_modules\router\index.js:291:5)
    at AdminAuthorization (J:\Programming\Node js\manbat_backend\app\middlewares\adminMiddleware.ts:9:13)
────────────────────────────────────────────────────────────────────────────────────────────────────────────────────────
[2026-05-25T05:31:15.272Z]
TYPE     : 💥 UNEXPECTED (Bug)
STATUS   : 500
MESSAGE  : Cannot set property query of #<IncomingMessage> which has only a getter
METHOD   : GET
URL      : /api/admin/revenue
IP       : ::1
USER_ID  : 6a124581c1a983b277159b35
STACK    :
TypeError: Cannot set property query of #<IncomingMessage> which has only a getter
    at <anonymous> (J:\Programming\Node js\manbat_backend\app\middlewares\validationRequestMiddleware.ts:41:39)
    at Layer.handleRequest (J:\Programming\Node js\manbat_backend\node_modules\router\lib\layer.js:152:17)
    at next (J:\Programming\Node js\manbat_backend\node_modules\router\lib\route.js:157:13)
    at Route.dispatch (J:\Programming\Node js\manbat_backend\node_modules\router\lib\route.js:117:3)
    at handle (J:\Programming\Node js\manbat_backend\node_modules\router\index.js:435:11)
    at Layer.handleRequest (J:\Programming\Node js\manbat_backend\node_modules\router\lib\layer.js:152:17)
    at J:\Programming\Node js\manbat_backend\node_modules\router\index.js:295:15
    at processParams (J:\Programming\Node js\manbat_backend\node_modules\router\index.js:582:12)
    at next (J:\Programming\Node js\manbat_backend\node_modules\router\index.js:291:5)
    at AdminAuthorization (J:\Programming\Node js\manbat_backend\app\middlewares\adminMiddleware.ts:9:13)
────────────────────────────────────────────────────────────────────────────────────────────────────────────────────────
[2026-05-25T05:31:19.600Z]
TYPE     : 💥 UNEXPECTED (Bug)
STATUS   : 500
MESSAGE  : Cannot set property query of #<IncomingMessage> which has only a getter
METHOD   : GET
URL      : /api/admin/revenue
IP       : ::1
USER_ID  : 6a124581c1a983b277159b35
STACK    :
TypeError: Cannot set property query of #<IncomingMessage> which has only a getter
    at <anonymous> (J:\Programming\Node js\manbat_backend\app\middlewares\validationRequestMiddleware.ts:41:39)
    at Layer.handleRequest (J:\Programming\Node js\manbat_backend\node_modules\router\lib\layer.js:152:17)
    at next (J:\Programming\Node js\manbat_backend\node_modules\router\lib\route.js:157:13)
    at Route.dispatch (J:\Programming\Node js\manbat_backend\node_modules\router\lib\route.js:117:3)
    at handle (J:\Programming\Node js\manbat_backend\node_modules\router\index.js:435:11)
    at Layer.handleRequest (J:\Programming\Node js\manbat_backend\node_modules\router\lib\layer.js:152:17)
    at J:\Programming\Node js\manbat_backend\node_modules\router\index.js:295:15
    at processParams (J:\Programming\Node js\manbat_backend\node_modules\router\index.js:582:12)
    at next (J:\Programming\Node js\manbat_backend\node_modules\router\index.js:291:5)
    at AdminAuthorization (J:\Programming\Node js\manbat_backend\app\middlewares\adminMiddleware.ts:9:13)
────────────────────────────────────────────────────────────────────────────────────────────────────────────────────────
[2026-05-25T05:31:20.642Z]
TYPE     : 💥 UNEXPECTED (Bug)
STATUS   : 500
MESSAGE  : Cannot set property query of #<IncomingMessage> which has only a getter
METHOD   : GET
URL      : /api/admin/revenue
IP       : ::1
USER_ID  : 6a124581c1a983b277159b35
STACK    :
TypeError: Cannot set property query of #<IncomingMessage> which has only a getter
    at <anonymous> (J:\Programming\Node js\manbat_backend\app\middlewares\validationRequestMiddleware.ts:41:39)
    at Layer.handleRequest (J:\Programming\Node js\manbat_backend\node_modules\router\lib\layer.js:152:17)
    at next (J:\Programming\Node js\manbat_backend\node_modules\router\lib\route.js:157:13)
    at Route.dispatch (J:\Programming\Node js\manbat_backend\node_modules\router\lib\route.js:117:3)
    at handle (J:\Programming\Node js\manbat_backend\node_modules\router\index.js:435:11)
    at Layer.handleRequest (J:\Programming\Node js\manbat_backend\node_modules\router\lib\layer.js:152:17)
    at J:\Programming\Node js\manbat_backend\node_modules\router\index.js:295:15
    at processParams (J:\Programming\Node js\manbat_backend\node_modules\router\index.js:582:12)
    at next (J:\Programming\Node js\manbat_backend\node_modules\router\index.js:291:5)
    at AdminAuthorization (J:\Programming\Node js\manbat_backend\app\middlewares\adminMiddleware.ts:9:13)
────────────────────────────────────────────────────────────────────────────────────────────────────────────────────────
[2026-05-25T05:31:22.650Z]
TYPE     : 💥 UNEXPECTED (Bug)
STATUS   : 500
MESSAGE  : Cannot set property query of #<IncomingMessage> which has only a getter
METHOD   : GET
URL      : /api/admin/revenue
IP       : ::1
USER_ID  : 6a124581c1a983b277159b35
STACK    :
TypeError: Cannot set property query of #<IncomingMessage> which has only a getter
    at <anonymous> (J:\Programming\Node js\manbat_backend\app\middlewares\validationRequestMiddleware.ts:41:39)
    at Layer.handleRequest (J:\Programming\Node js\manbat_backend\node_modules\router\lib\layer.js:152:17)
    at next (J:\Programming\Node js\manbat_backend\node_modules\router\lib\route.js:157:13)
    at Route.dispatch (J:\Programming\Node js\manbat_backend\node_modules\router\lib\route.js:117:3)
    at handle (J:\Programming\Node js\manbat_backend\node_modules\router\index.js:435:11)
    at Layer.handleRequest (J:\Programming\Node js\manbat_backend\node_modules\router\lib\layer.js:152:17)
    at J:\Programming\Node js\manbat_backend\node_modules\router\index.js:295:15
    at processParams (J:\Programming\Node js\manbat_backend\node_modules\router\index.js:582:12)
    at next (J:\Programming\Node js\manbat_backend\node_modules\router\index.js:291:5)
    at AdminAuthorization (J:\Programming\Node js\manbat_backend\app\middlewares\adminMiddleware.ts:9:13)
────────────────────────────────────────────────────────────────────────────────────────────────────────────────────────
[2026-05-25T05:31:26.675Z]
TYPE     : 💥 UNEXPECTED (Bug)
STATUS   : 500
MESSAGE  : Cannot set property query of #<IncomingMessage> which has only a getter
METHOD   : GET
URL      : /api/admin/revenue
IP       : ::1
USER_ID  : 6a124581c1a983b277159b35
STACK    :
TypeError: Cannot set property query of #<IncomingMessage> which has only a getter
    at <anonymous> (J:\Programming\Node js\manbat_backend\app\middlewares\validationRequestMiddleware.ts:41:39)
    at Layer.handleRequest (J:\Programming\Node js\manbat_backend\node_modules\router\lib\layer.js:152:17)
    at next (J:\Programming\Node js\manbat_backend\node_modules\router\lib\route.js:157:13)
    at Route.dispatch (J:\Programming\Node js\manbat_backend\node_modules\router\lib\route.js:117:3)
    at handle (J:\Programming\Node js\manbat_backend\node_modules\router\index.js:435:11)
    at Layer.handleRequest (J:\Programming\Node js\manbat_backend\node_modules\router\lib\layer.js:152:17)
    at J:\Programming\Node js\manbat_backend\node_modules\router\index.js:295:15
    at processParams (J:\Programming\Node js\manbat_backend\node_modules\router\index.js:582:12)
    at next (J:\Programming\Node js\manbat_backend\node_modules\router\index.js:291:5)
    at AdminAuthorization (J:\Programming\Node js\manbat_backend\app\middlewares\adminMiddleware.ts:9:13)
────────────────────────────────────────────────────────────────────────────────────────────────────────────────────────
[2026-05-25T05:31:50.225Z]
TYPE     : 💥 UNEXPECTED (Bug)
STATUS   : 500
MESSAGE  : Cannot set property query of #<IncomingMessage> which has only a getter
METHOD   : GET
URL      : /api/admin/revenue
IP       : ::1
USER_ID  : 6a124581c1a983b277159b35
STACK    :
TypeError: Cannot set property query of #<IncomingMessage> which has only a getter
    at <anonymous> (J:\Programming\Node js\manbat_backend\app\middlewares\validationRequestMiddleware.ts:41:39)
    at Layer.handleRequest (J:\Programming\Node js\manbat_backend\node_modules\router\lib\layer.js:152:17)
    at next (J:\Programming\Node js\manbat_backend\node_modules\router\lib\route.js:157:13)
    at Route.dispatch (J:\Programming\Node js\manbat_backend\node_modules\router\lib\route.js:117:3)
    at handle (J:\Programming\Node js\manbat_backend\node_modules\router\index.js:435:11)
    at Layer.handleRequest (J:\Programming\Node js\manbat_backend\node_modules\router\lib\layer.js:152:17)
    at J:\Programming\Node js\manbat_backend\node_modules\router\index.js:295:15
    at processParams (J:\Programming\Node js\manbat_backend\node_modules\router\index.js:582:12)
    at next (J:\Programming\Node js\manbat_backend\node_modules\router\index.js:291:5)
    at AdminAuthorization (J:\Programming\Node js\manbat_backend\app\middlewares\adminMiddleware.ts:9:13)
────────────────────────────────────────────────────────────────────────────────────────────────────────────────────────
[2026-05-25T05:31:51.260Z]
TYPE     : 💥 UNEXPECTED (Bug)
STATUS   : 500
MESSAGE  : Cannot set property query of #<IncomingMessage> which has only a getter
METHOD   : GET
URL      : /api/admin/revenue
IP       : ::1
USER_ID  : 6a124581c1a983b277159b35
STACK    :
TypeError: Cannot set property query of #<IncomingMessage> which has only a getter
    at <anonymous> (J:\Programming\Node js\manbat_backend\app\middlewares\validationRequestMiddleware.ts:41:39)
    at Layer.handleRequest (J:\Programming\Node js\manbat_backend\node_modules\router\lib\layer.js:152:17)
    at next (J:\Programming\Node js\manbat_backend\node_modules\router\lib\route.js:157:13)
    at Route.dispatch (J:\Programming\Node js\manbat_backend\node_modules\router\lib\route.js:117:3)
    at handle (J:\Programming\Node js\manbat_backend\node_modules\router\index.js:435:11)
    at Layer.handleRequest (J:\Programming\Node js\manbat_backend\node_modules\router\lib\layer.js:152:17)
    at J:\Programming\Node js\manbat_backend\node_modules\router\index.js:295:15
    at processParams (J:\Programming\Node js\manbat_backend\node_modules\router\index.js:582:12)
    at next (J:\Programming\Node js\manbat_backend\node_modules\router\index.js:291:5)
    at AdminAuthorization (J:\Programming\Node js\manbat_backend\app\middlewares\adminMiddleware.ts:9:13)
────────────────────────────────────────────────────────────────────────────────────────────────────────────────────────
[2026-05-25T05:31:53.267Z]
TYPE     : 💥 UNEXPECTED (Bug)
STATUS   : 500
MESSAGE  : Cannot set property query of #<IncomingMessage> which has only a getter
METHOD   : GET
URL      : /api/admin/revenue
IP       : ::1
USER_ID  : 6a124581c1a983b277159b35
STACK    :
TypeError: Cannot set property query of #<IncomingMessage> which has only a getter
    at <anonymous> (J:\Programming\Node js\manbat_backend\app\middlewares\validationRequestMiddleware.ts:41:39)
    at Layer.handleRequest (J:\Programming\Node js\manbat_backend\node_modules\router\lib\layer.js:152:17)
    at next (J:\Programming\Node js\manbat_backend\node_modules\router\lib\route.js:157:13)
    at Route.dispatch (J:\Programming\Node js\manbat_backend\node_modules\router\lib\route.js:117:3)
    at handle (J:\Programming\Node js\manbat_backend\node_modules\router\index.js:435:11)
    at Layer.handleRequest (J:\Programming\Node js\manbat_backend\node_modules\router\lib\layer.js:152:17)
    at J:\Programming\Node js\manbat_backend\node_modules\router\index.js:295:15
    at processParams (J:\Programming\Node js\manbat_backend\node_modules\router\index.js:582:12)
    at next (J:\Programming\Node js\manbat_backend\node_modules\router\index.js:291:5)
    at AdminAuthorization (J:\Programming\Node js\manbat_backend\app\middlewares\adminMiddleware.ts:9:13)
────────────────────────────────────────────────────────────────────────────────────────────────────────────────────────
[2026-05-25T05:31:57.278Z]
TYPE     : 💥 UNEXPECTED (Bug)
STATUS   : 500
MESSAGE  : Cannot set property query of #<IncomingMessage> which has only a getter
METHOD   : GET
URL      : /api/admin/revenue
IP       : ::1
USER_ID  : 6a124581c1a983b277159b35
STACK    :
TypeError: Cannot set property query of #<IncomingMessage> which has only a getter
    at <anonymous> (J:\Programming\Node js\manbat_backend\app\middlewares\validationRequestMiddleware.ts:41:39)
    at Layer.handleRequest (J:\Programming\Node js\manbat_backend\node_modules\router\lib\layer.js:152:17)
    at next (J:\Programming\Node js\manbat_backend\node_modules\router\lib\route.js:157:13)
    at Route.dispatch (J:\Programming\Node js\manbat_backend\node_modules\router\lib\route.js:117:3)
    at handle (J:\Programming\Node js\manbat_backend\node_modules\router\index.js:435:11)
    at Layer.handleRequest (J:\Programming\Node js\manbat_backend\node_modules\router\lib\layer.js:152:17)
    at J:\Programming\Node js\manbat_backend\node_modules\router\index.js:295:15
    at processParams (J:\Programming\Node js\manbat_backend\node_modules\router\index.js:582:12)
    at next (J:\Programming\Node js\manbat_backend\node_modules\router\index.js:291:5)
    at AdminAuthorization (J:\Programming\Node js\manbat_backend\app\middlewares\adminMiddleware.ts:9:13)
────────────────────────────────────────────────────────────────────────────────────────────────────────────────────────
[2026-05-25T05:32:02.573Z]
TYPE     : 💥 UNEXPECTED (Bug)
STATUS   : 500
MESSAGE  : Cannot set property query of #<IncomingMessage> which has only a getter
METHOD   : GET
URL      : /api/admin/revenue
IP       : ::1
USER_ID  : 6a124581c1a983b277159b35
STACK    :
TypeError: Cannot set property query of #<IncomingMessage> which has only a getter
    at <anonymous> (J:\Programming\Node js\manbat_backend\app\middlewares\validationRequestMiddleware.ts:41:39)
    at Layer.handleRequest (J:\Programming\Node js\manbat_backend\node_modules\router\lib\layer.js:152:17)
    at next (J:\Programming\Node js\manbat_backend\node_modules\router\lib\route.js:157:13)
    at Route.dispatch (J:\Programming\Node js\manbat_backend\node_modules\router\lib\route.js:117:3)
    at handle (J:\Programming\Node js\manbat_backend\node_modules\router\index.js:435:11)
    at Layer.handleRequest (J:\Programming\Node js\manbat_backend\node_modules\router\lib\layer.js:152:17)
    at J:\Programming\Node js\manbat_backend\node_modules\router\index.js:295:15
    at processParams (J:\Programming\Node js\manbat_backend\node_modules\router\index.js:582:12)
    at next (J:\Programming\Node js\manbat_backend\node_modules\router\index.js:291:5)
    at AdminAuthorization (J:\Programming\Node js\manbat_backend\app\middlewares\adminMiddleware.ts:9:13)
────────────────────────────────────────────────────────────────────────────────────────────────────────────────────────
[2026-05-25T05:36:57.339Z]
TYPE     : Operational (Expected)
STATUS   : 400
MESSAGE  : Treatment name does not exist or is incorrect
METHOD   : POST
URL      : /api/admin/product
IP       : ::1
USER_ID  : 6a124581c1a983b277159b35
STACK    :
Error: Treatment name does not exist or is incorrect
    at new appError (J:\Programming\Node js\manbat_backend\utils\appErrors.ts:9:15)
    at Module.createProduct (J:\Programming\Node js\manbat_backend\app\services\admin.ts:27:31)
    at process.processTicksAndRejections (node:internal/process/task_queues:103:5)
    at async createProduct (J:\Programming\Node js\manbat_backend\app\controllers\admin.ts:11:25)
────────────────────────────────────────────────────────────────────────────────────────────────────────────────────────
[2026-05-25T05:40:24.933Z]
TYPE     : 💥 UNEXPECTED (Bug)
STATUS   : 500
MESSAGE  : Cannot set property query of #<IncomingMessage> which has only a getter
METHOD   : GET
URL      : /api/admin/revenue
IP       : ::1
USER_ID  : 6a124581c1a983b277159b35
STACK    :
TypeError: Cannot set property query of #<IncomingMessage> which has only a getter
    at <anonymous> (J:\Programming\Node js\manbat_backend\app\middlewares\validationRequestMiddleware.ts:41:39)
    at Layer.handleRequest (J:\Programming\Node js\manbat_backend\node_modules\router\lib\layer.js:152:17)
    at next (J:\Programming\Node js\manbat_backend\node_modules\router\lib\route.js:157:13)
    at Route.dispatch (J:\Programming\Node js\manbat_backend\node_modules\router\lib\route.js:117:3)
    at handle (J:\Programming\Node js\manbat_backend\node_modules\router\index.js:435:11)
    at Layer.handleRequest (J:\Programming\Node js\manbat_backend\node_modules\router\lib\layer.js:152:17)
    at J:\Programming\Node js\manbat_backend\node_modules\router\index.js:295:15
    at processParams (J:\Programming\Node js\manbat_backend\node_modules\router\index.js:582:12)
    at next (J:\Programming\Node js\manbat_backend\node_modules\router\index.js:291:5)
    at AdminAuthorization (J:\Programming\Node js\manbat_backend\app\middlewares\adminMiddleware.ts:9:13)
────────────────────────────────────────────────────────────────────────────────────────────────────────────────────────
[2026-05-25T05:40:25.976Z]
TYPE     : 💥 UNEXPECTED (Bug)
STATUS   : 500
MESSAGE  : Cannot set property query of #<IncomingMessage> which has only a getter
METHOD   : GET
URL      : /api/admin/revenue
IP       : ::1
USER_ID  : 6a124581c1a983b277159b35
STACK    :
TypeError: Cannot set property query of #<IncomingMessage> which has only a getter
    at <anonymous> (J:\Programming\Node js\manbat_backend\app\middlewares\validationRequestMiddleware.ts:41:39)
    at Layer.handleRequest (J:\Programming\Node js\manbat_backend\node_modules\router\lib\layer.js:152:17)
    at next (J:\Programming\Node js\manbat_backend\node_modules\router\lib\route.js:157:13)
    at Route.dispatch (J:\Programming\Node js\manbat_backend\node_modules\router\lib\route.js:117:3)
    at handle (J:\Programming\Node js\manbat_backend\node_modules\router\index.js:435:11)
    at Layer.handleRequest (J:\Programming\Node js\manbat_backend\node_modules\router\lib\layer.js:152:17)
    at J:\Programming\Node js\manbat_backend\node_modules\router\index.js:295:15
    at processParams (J:\Programming\Node js\manbat_backend\node_modules\router\index.js:582:12)
    at next (J:\Programming\Node js\manbat_backend\node_modules\router\index.js:291:5)
    at AdminAuthorization (J:\Programming\Node js\manbat_backend\app\middlewares\adminMiddleware.ts:9:13)
────────────────────────────────────────────────────────────────────────────────────────────────────────────────────────
[2026-05-25T05:40:27.992Z]
TYPE     : 💥 UNEXPECTED (Bug)
STATUS   : 500
MESSAGE  : Cannot set property query of #<IncomingMessage> which has only a getter
METHOD   : GET
URL      : /api/admin/revenue
IP       : ::1
USER_ID  : 6a124581c1a983b277159b35
STACK    :
TypeError: Cannot set property query of #<IncomingMessage> which has only a getter
    at <anonymous> (J:\Programming\Node js\manbat_backend\app\middlewares\validationRequestMiddleware.ts:41:39)
    at Layer.handleRequest (J:\Programming\Node js\manbat_backend\node_modules\router\lib\layer.js:152:17)
    at next (J:\Programming\Node js\manbat_backend\node_modules\router\lib\route.js:157:13)
    at Route.dispatch (J:\Programming\Node js\manbat_backend\node_modules\router\lib\route.js:117:3)
    at handle (J:\Programming\Node js\manbat_backend\node_modules\router\index.js:435:11)
    at Layer.handleRequest (J:\Programming\Node js\manbat_backend\node_modules\router\lib\layer.js:152:17)
    at J:\Programming\Node js\manbat_backend\node_modules\router\index.js:295:15
    at processParams (J:\Programming\Node js\manbat_backend\node_modules\router\index.js:582:12)
    at next (J:\Programming\Node js\manbat_backend\node_modules\router\index.js:291:5)
    at AdminAuthorization (J:\Programming\Node js\manbat_backend\app\middlewares\adminMiddleware.ts:9:13)
────────────────────────────────────────────────────────────────────────────────────────────────────────────────────────
[2026-05-25T05:46:28.690Z]
TYPE     : 💥 UNEXPECTED (Bug)
STATUS   : 500
MESSAGE  : Cannot set property query of #<IncomingMessage> which has only a getter
METHOD   : GET
URL      : /api/admin/revenue
IP       : ::1
USER_ID  : 6a124581c1a983b277159b35
STACK    :
TypeError: Cannot set property query of #<IncomingMessage> which has only a getter
    at <anonymous> (J:\Programming\Node js\manbat_backend\app\middlewares\validationRequestMiddleware.ts:41:39)
    at Layer.handleRequest (J:\Programming\Node js\manbat_backend\node_modules\router\lib\layer.js:152:17)
    at next (J:\Programming\Node js\manbat_backend\node_modules\router\lib\route.js:157:13)
    at Route.dispatch (J:\Programming\Node js\manbat_backend\node_modules\router\lib\route.js:117:3)
    at handle (J:\Programming\Node js\manbat_backend\node_modules\router\index.js:435:11)
    at Layer.handleRequest (J:\Programming\Node js\manbat_backend\node_modules\router\lib\layer.js:152:17)
    at J:\Programming\Node js\manbat_backend\node_modules\router\index.js:295:15
    at processParams (J:\Programming\Node js\manbat_backend\node_modules\router\index.js:582:12)
    at next (J:\Programming\Node js\manbat_backend\node_modules\router\index.js:291:5)
    at AdminAuthorization (J:\Programming\Node js\manbat_backend\app\middlewares\adminMiddleware.ts:9:13)
────────────────────────────────────────────────────────────────────────────────────────────────────────────────────────
[2026-05-25T05:46:42.218Z]
TYPE     : 💥 UNEXPECTED (Bug)
STATUS   : 500
MESSAGE  : Cannot set property query of #<IncomingMessage> which has only a getter
METHOD   : GET
URL      : /api/admin/revenue
IP       : ::1
USER_ID  : 6a124581c1a983b277159b35
STACK    :
TypeError: Cannot set property query of #<IncomingMessage> which has only a getter
    at <anonymous> (J:\Programming\Node js\manbat_backend\app\middlewares\validationRequestMiddleware.ts:41:39)
    at Layer.handleRequest (J:\Programming\Node js\manbat_backend\node_modules\router\lib\layer.js:152:17)
    at next (J:\Programming\Node js\manbat_backend\node_modules\router\lib\route.js:157:13)
    at Route.dispatch (J:\Programming\Node js\manbat_backend\node_modules\router\lib\route.js:117:3)
    at handle (J:\Programming\Node js\manbat_backend\node_modules\router\index.js:435:11)
    at Layer.handleRequest (J:\Programming\Node js\manbat_backend\node_modules\router\lib\layer.js:152:17)
    at J:\Programming\Node js\manbat_backend\node_modules\router\index.js:295:15
    at processParams (J:\Programming\Node js\manbat_backend\node_modules\router\index.js:582:12)
    at next (J:\Programming\Node js\manbat_backend\node_modules\router\index.js:291:5)
    at AdminAuthorization (J:\Programming\Node js\manbat_backend\app\middlewares\adminMiddleware.ts:9:13)
────────────────────────────────────────────────────────────────────────────────────────────────────────────────────────
[2026-05-25T05:46:54.469Z]
TYPE     : 💥 UNEXPECTED (Bug)
STATUS   : 500
MESSAGE  : Cannot set property query of #<IncomingMessage> which has only a getter
METHOD   : GET
URL      : /api/admin/revenue
IP       : ::1
USER_ID  : 6a124581c1a983b277159b35
STACK    :
TypeError: Cannot set property query of #<IncomingMessage> which has only a getter
    at <anonymous> (J:\Programming\Node js\manbat_backend\app\middlewares\validationRequestMiddleware.ts:41:39)
    at Layer.handleRequest (J:\Programming\Node js\manbat_backend\node_modules\router\lib\layer.js:152:17)
    at next (J:\Programming\Node js\manbat_backend\node_modules\router\lib\route.js:157:13)
    at Route.dispatch (J:\Programming\Node js\manbat_backend\node_modules\router\lib\route.js:117:3)
    at handle (J:\Programming\Node js\manbat_backend\node_modules\router\index.js:435:11)
    at Layer.handleRequest (J:\Programming\Node js\manbat_backend\node_modules\router\lib\layer.js:152:17)
    at J:\Programming\Node js\manbat_backend\node_modules\router\index.js:295:15
    at processParams (J:\Programming\Node js\manbat_backend\node_modules\router\index.js:582:12)
    at next (J:\Programming\Node js\manbat_backend\node_modules\router\index.js:291:5)
    at AdminAuthorization (J:\Programming\Node js\manbat_backend\app\middlewares\adminMiddleware.ts:9:13)
────────────────────────────────────────────────────────────────────────────────────────────────────────────────────────
[2026-05-25T05:54:10.699Z]
TYPE     : 💥 UNEXPECTED (Bug)
STATUS   : 500
MESSAGE  : Cannot set property query of #<IncomingMessage> which has only a getter
METHOD   : GET
URL      : /api/admin/revenue
IP       : ::1
USER_ID  : 6a124581c1a983b277159b35
STACK    :
TypeError: Cannot set property query of #<IncomingMessage> which has only a getter
    at <anonymous> (J:\Programming\Node js\manbat_backend\app\middlewares\validationRequestMiddleware.ts:41:39)
    at Layer.handleRequest (J:\Programming\Node js\manbat_backend\node_modules\router\lib\layer.js:152:17)
    at next (J:\Programming\Node js\manbat_backend\node_modules\router\lib\route.js:157:13)
    at Route.dispatch (J:\Programming\Node js\manbat_backend\node_modules\router\lib\route.js:117:3)
    at handle (J:\Programming\Node js\manbat_backend\node_modules\router\index.js:435:11)
    at Layer.handleRequest (J:\Programming\Node js\manbat_backend\node_modules\router\lib\layer.js:152:17)
    at J:\Programming\Node js\manbat_backend\node_modules\router\index.js:295:15
    at processParams (J:\Programming\Node js\manbat_backend\node_modules\router\index.js:582:12)
    at next (J:\Programming\Node js\manbat_backend\node_modules\router\index.js:291:5)
    at AdminAuthorization (J:\Programming\Node js\manbat_backend\app\middlewares\adminMiddleware.ts:9:13)
────────────────────────────────────────────────────────────────────────────────────────────────────────────────────────
[2026-05-25T05:54:57.155Z]
TYPE     : 💥 UNEXPECTED (Bug)
STATUS   : 500
MESSAGE  : Cannot set property query of #<IncomingMessage> which has only a getter
METHOD   : GET
URL      : /api/admin/revenue
IP       : ::1
USER_ID  : 6a124581c1a983b277159b35
STACK    :
TypeError: Cannot set property query of #<IncomingMessage> which has only a getter
    at <anonymous> (J:\Programming\Node js\manbat_backend\app\middlewares\validationRequestMiddleware.ts:41:39)
    at Layer.handleRequest (J:\Programming\Node js\manbat_backend\node_modules\router\lib\layer.js:152:17)
    at next (J:\Programming\Node js\manbat_backend\node_modules\router\lib\route.js:157:13)
    at Route.dispatch (J:\Programming\Node js\manbat_backend\node_modules\router\lib\route.js:117:3)
    at handle (J:\Programming\Node js\manbat_backend\node_modules\router\index.js:435:11)
    at Layer.handleRequest (J:\Programming\Node js\manbat_backend\node_modules\router\lib\layer.js:152:17)
    at J:\Programming\Node js\manbat_backend\node_modules\router\index.js:295:15
    at processParams (J:\Programming\Node js\manbat_backend\node_modules\router\index.js:582:12)
    at next (J:\Programming\Node js\manbat_backend\node_modules\router\index.js:291:5)
    at AdminAuthorization (J:\Programming\Node js\manbat_backend\app\middlewares\adminMiddleware.ts:9:13)
────────────────────────────────────────────────────────────────────────────────────────────────────────────────────────
[2026-05-25T05:54:58.236Z]
TYPE     : 💥 UNEXPECTED (Bug)
STATUS   : 500
MESSAGE  : Cannot set property query of #<IncomingMessage> which has only a getter
METHOD   : GET
URL      : /api/admin/revenue
IP       : ::1
USER_ID  : 6a124581c1a983b277159b35
STACK    :
TypeError: Cannot set property query of #<IncomingMessage> which has only a getter
    at <anonymous> (J:\Programming\Node js\manbat_backend\app\middlewares\validationRequestMiddleware.ts:41:39)
    at Layer.handleRequest (J:\Programming\Node js\manbat_backend\node_modules\router\lib\layer.js:152:17)
    at next (J:\Programming\Node js\manbat_backend\node_modules\router\lib\route.js:157:13)
    at Route.dispatch (J:\Programming\Node js\manbat_backend\node_modules\router\lib\route.js:117:3)
    at handle (J:\Programming\Node js\manbat_backend\node_modules\router\index.js:435:11)
    at Layer.handleRequest (J:\Programming\Node js\manbat_backend\node_modules\router\lib\layer.js:152:17)
    at J:\Programming\Node js\manbat_backend\node_modules\router\index.js:295:15
    at processParams (J:\Programming\Node js\manbat_backend\node_modules\router\index.js:582:12)
    at next (J:\Programming\Node js\manbat_backend\node_modules\router\index.js:291:5)
    at AdminAuthorization (J:\Programming\Node js\manbat_backend\app\middlewares\adminMiddleware.ts:9:13)
────────────────────────────────────────────────────────────────────────────────────────────────────────────────────────
[2026-05-25T05:55:02.286Z]
TYPE     : 💥 UNEXPECTED (Bug)
STATUS   : 500
MESSAGE  : Cannot set property query of #<IncomingMessage> which has only a getter
METHOD   : GET
URL      : /api/admin/revenue
IP       : ::1
USER_ID  : 6a124581c1a983b277159b35
STACK    :
TypeError: Cannot set property query of #<IncomingMessage> which has only a getter
    at <anonymous> (J:\Programming\Node js\manbat_backend\app\middlewares\validationRequestMiddleware.ts:41:39)
    at Layer.handleRequest (J:\Programming\Node js\manbat_backend\node_modules\router\lib\layer.js:152:17)
    at next (J:\Programming\Node js\manbat_backend\node_modules\router\lib\route.js:157:13)
    at Route.dispatch (J:\Programming\Node js\manbat_backend\node_modules\router\lib\route.js:117:3)
    at handle (J:\Programming\Node js\manbat_backend\node_modules\router\index.js:435:11)
    at Layer.handleRequest (J:\Programming\Node js\manbat_backend\node_modules\router\lib\layer.js:152:17)
    at J:\Programming\Node js\manbat_backend\node_modules\router\index.js:295:15
    at processParams (J:\Programming\Node js\manbat_backend\node_modules\router\index.js:582:12)
    at next (J:\Programming\Node js\manbat_backend\node_modules\router\index.js:291:5)
    at AdminAuthorization (J:\Programming\Node js\manbat_backend\app\middlewares\adminMiddleware.ts:9:13)
────────────────────────────────────────────────────────────────────────────────────────────────────────────────────────
[2026-05-25T05:56:43.506Z]
TYPE     : 💥 UNEXPECTED (Bug)
STATUS   : 500
MESSAGE  : Cannot set property query of #<IncomingMessage> which has only a getter
METHOD   : GET
URL      : /api/admin/revenue
IP       : ::1
USER_ID  : 6a124581c1a983b277159b35
STACK    :
TypeError: Cannot set property query of #<IncomingMessage> which has only a getter
    at <anonymous> (J:\Programming\Node js\manbat_backend\app\middlewares\validationRequestMiddleware.ts:41:39)
    at Layer.handleRequest (J:\Programming\Node js\manbat_backend\node_modules\router\lib\layer.js:152:17)
    at next (J:\Programming\Node js\manbat_backend\node_modules\router\lib\route.js:157:13)
    at Route.dispatch (J:\Programming\Node js\manbat_backend\node_modules\router\lib\route.js:117:3)
    at handle (J:\Programming\Node js\manbat_backend\node_modules\router\index.js:435:11)
    at Layer.handleRequest (J:\Programming\Node js\manbat_backend\node_modules\router\lib\layer.js:152:17)
    at J:\Programming\Node js\manbat_backend\node_modules\router\index.js:295:15
    at processParams (J:\Programming\Node js\manbat_backend\node_modules\router\index.js:582:12)
    at next (J:\Programming\Node js\manbat_backend\node_modules\router\index.js:291:5)
    at AdminAuthorization (J:\Programming\Node js\manbat_backend\app\middlewares\adminMiddleware.ts:9:13)
────────────────────────────────────────────────────────────